IndexPlanningHorizon,IndexBranchingNode,Iteration,LBfrac,UBfrac,GAPfrac,IntFound,LBint,UBint,GAPint,MSecondsMP,MSecondsPP,MSecondsAUXCG,MSecondsStrongBranching,MPSizeConstraints,MPSizeVariables,ColumnsAdded,PPNetworkConstructionTime,PPNetworkSizeNodes,PPNetworkSizeArcs,LazyConstraintAdded,BranchType,IndexParentBranchingNode,MSecondsFilterMPVars,MSecondsFilterPPNodes,VehicleID,TripID,MaintenanceID,FracValue,BranchValue
0,1,0,-1.79769e+308,720000,2.4968e+302,1,-1.79769e+308,720000,2.4968e+302,1,0,0,0,50,46,0,0,0,0,,,,,,,,,,
0,1,1,-333050,453960,1.73366,1,-333050,453960,1.73366,0,1,0,0,50,122,76,1,41,146,,,,,,,,,,
0,1,2,-237433,267106,1.88891,0,-237433,453960,1.52303,0,1,0,0,50,174,52,0,43,196,,,,,,,,,,
0,1,3,-237433,193682,2.22589,1,-237433,193682,2.22589,0,1,0,0,50,251,77,0,46,248,,,,,,,,,,
0,1,4,-237433,119539,2.98623,0,-237433,193682,2.22589,0,1,0,0,50,347,96,0,50,281,,,,,,,,,,
0,1,5,-115884,117150,1.98919,0,-115884,193682,1.59832,0,0,0,0,50,433,86,0,49,284,,,,,,,,,,
0,1,6,-101510,116240,1.87328,1,-101510,116240,1.87328,0,1,0,0,50,564,131,0,58,348,,,,,,,,,,
0,1,7,-92356,115910,1.79679,1,-92356,115910,1.79679,0,1,0,0,50,661,97,0,83,502,,,,,,,,,,
0,1,8,115130,115909,0.00672067,1,115130,115909,0.00672067,0,0,0,0,50,665,4,0,62,317,,,,,,,,,,
0,1,9,115419,115909,0.00422395,0,115419,115909,0.00422395,0,0,0,0,50,678,13,0,63,363,,,,,,,,,,
0,1,10,115779,115909,0.00111578,0,115779,115909,0.00111578,0,0,0,0,50,680,2,0,70,365,,,,,,,,,,
0,1,11,115909,115909,0,0,115909,115909,0,0,0,0,0,50,680,0,0,70,365,,,,,,,,,,
1,1,0,-1.79769e+308,720000,2.4968e+302,1,-1.79769e+308,720000,2.4968e+302,0,0,0,0,49,46,0,0,0,0,,,,,,,,,,
1,1,1,-298374,187212,2.59378,1,-298374,187212,2.59378,0,0,0,0,49,144,98,0,39,129,,,,,,,,,,
1,1,2,-298374,75603,4.94659,0,-298374,187212,2.59378,0,0,0,0,49,263,119,0,44,202,,,,,,,,,,
1,1,3,-298374,38753.7,8.69924,0,-298374,187212,2.59378,0,0,0,0,49,360,97,0,47,238,,,,,,,,,,
1,1,4,-298374,38753.7,8.69924,0,-298374,187212,2.59378,0,0,0,0,49,511,151,0,57,294,,,,,,,,,,
1,1,5,-183353,38647.2,5.74429,0,-183353,187212,1.97939,0,0,0,0,49,587,76,0,51,259,,,,,,,,,,
1,1,6,29220.7,37942.5,0.229869,0,29220.7,187212,0.843917,0,0,0,0,49,619,32,0,45,210,,,,,,,,,,
1,1,7,36885.2,37940.9,0.0278245,0,36885.2,187212,0.802976,0,0,0,0,49,644,25,0,51,284,,,,,,,,,,
1,1,8,37839.5,37932.6,0.00245418,0,37839.5,187212,0.797879,0,0,0,0,49,650,6,0,43,215,,,,,,,,,,
1,1,9,37839.5,37924.4,0.00223694,0,37839.5,187212,0.797879,0,0,0,0,49,654,4,0,42,201,,,,,,,,,,
1,1,10,37924.4,37924.4,0,0,37924.4,187212,0.797426,0,0,0,0,49,654,0,0,45,224,,,,,,,,,,
1,1,,,,,,,,,,,,,,,,,,,,Trunc. CG,4294967295,0,0,,,,1.79769e+308,1.79769e+308
1,2,,,,,,,,,,,,,,,,,,,,VEHICLE_MAINTENANCE,1,0,0,,,,0.666667,1
1,2,4294967295,-1.79769e+308,1.79769e+308,inf,0,0,1.79769e+308,1,0,0,0,0,0,0,0,0,0,0,,,,,,,,,,
1,2,0,37924.4,38233.3,0.00808022,0,37924.4,187212,0.797426,0,0,0,0,49,654,0,0,45,224,,,,,,,,,,
1,2,1,37924.4,38045.6,0.00318621,0,37924.4,187212,0.797426,0,0,0,0,49,668,14,0,51,259,,,,,,,,,,
1,3,,,,,,,,,,,,,,,,,,,,VEHICLE_CHARGING_BEFORE,2,0,0,,,,0.666667,1
1,3,4294967295,-1.79769e+308,1.79769e+308,inf,0,0,1.79769e+308,1,0,0,0,0,0,0,0,0,0,0,,,,,,,,,,
1,3,0,37924.4,38475,0.0143113,0,37924.4,187212,0.797426,0,0,0,0,49,668,0,0,51,259,,,,,,,,,,
1,3,1,37924.4,38177.9,0.0066407,1,37924.4,38177.9,0.0066407,0,0,0,0,49,686,18,0,44,201,,,,,,,,,,
1,3,2,38177.9,38177.9,0,0,37924.4,38177.9,0.0066407,0,0,0,0,49,686,0,0,41,175,,,,,,,,,,
1,1,,,,,,,,,,,,,,,,,,,,Branch-and-Price (Depth-First),4294967295,0,0,,,,1.79769e+308,1.79769e+308
1,3,,,,,,,,,,,,,,,,,,,,TOTAL_VEHICLES,1,0,0,,,,5.33333,5
1,3,0,37924.4,38177.9,0.0066407,0,37924.4,38177.9,0.0066407,0,0,0,0,49,686,0,0,41,175,,,,,,,,,,
1,3,1,38177.9,38177.9,0,0,37924.4,38177.9,0.0066407,0,0,0,0,49,686,0,0,42,194,,,,,,,,,,
1,4,,,,,,,,,,,,,,,,,,,,TOTAL_VEHICLES,1,0,0,,,,5.33333,6
1,4,0,37924.4,39400,0.0374528,0,37924.4,38177.9,0.0066407,1,0,0,0,49,686,0,0,42,194,,,,,,,,,,
1,4,1,38758.2,39400,0.0162883,0,37924.4,38177.9,0.0066407,0,0,0,0,49,691,5,0,42,191,,,,,,,,,,
2,1,0,-1.79769e+308,700000,2.56813e+302,1,-1.79769e+308,700000,2.56813e+302,0,0,0,0,49,45,0,0,0,0,,,,,,,,,,
2,1,1,-310302,99202.6,4.12796,1,-310302,99202.6,4.12796,0,0,0,0,49,171,126,0,38,145,,,,,,,,,,
2,1,2,-310302,98127.2,4.16224,0,-310302,99202.6,4.12796,0,0,0,0,49,377,206,0,48,266,,,,,,,,,,
2,1,3,-310302,64197.4,5.83356,1,-310302,64197.4,5.83356,1,0,0,0,49,585,208,0,54,329,,,,,,,,,,
2,1,4,-192011,62234.9,4.08527,0,-192011,64197.4,3.99095,0,0,0,0,49,762,177,0,50,313,,,,,,,,,,
2,1,5,37402.3,58310.7,0.358568,0,37402.3,64197.4,0.417386,1,0,0,0,49,870,108,0,48,256,,,,,,,,,,
2,1,6,42612.3,57520.5,0.259181,0,42612.3,64197.4,0.336231,1,0,0,0,49,958,88,0,50,277,,,,,,,,,,
2,1,7,55338.3,57326.3,0.0346776,0,55338.3,64197.4,0.137998,0,0,0,0,49,988,30,0,51,228,,,,,,,,,,
2,1,8,55338.3,57093.4,0.0307412,0,55338.3,64197.4,0.137998,0,0,0,0,49,997,9,0,44,200,,,,,,,,,,
2,1,9,57093.4,57093.4,0,0,57093.4,64197.4,0.110659,0,0,0,0,49,997,0,0,41,159,,,,,,,,,,
2,1,,,,,,,,,,,,,,,,,,,,Trunc. CG,4294967295,0,0,,,,1.79769e+308,1.79769e+308
2,2,,,,,,,,,,,,,,,,,,,,VEHICLE_TRIP,1,0,0,,,,0.5,1
2,2,4294967295,-1.79769e+308,1.79769e+308,inf,0,0,1.79769e+308,1,0,0,0,0,0,0,0,0,0,0,,,,,,,,,,
2,2,0,57093.4,57368.5,0.00479427,0,57093.4,64197.4,0.110659,0,0,0,0,49,997,0,0,41,159,,,,,,,,,,
2,2,1,57367,57368.5,2.59376e-05,0,57093.4,64197.4,0.110659,0,0,0,0,49,998,1,0,41,190,,,,,,,,,,
2,3,,,,,,,,,,,,,,,,,,,,VEHICLE_TRIP,2,0,0,,,,0.5,1
2,3,4294967295,-1.79769e+308,1.79769e+308,inf,0,0,1.79769e+308,1,0,0,0,0,0,0,0,0,0,0,,,,,,,,,,
2,3,0,57367,58547.4,0.0201611,0,57093.4,64197.4,0.110659,1,0,0,0,49,998,0,0,41,190,,,,,,,,,,
2,3,1,57367,57367.7,1.2969e-05,0,57093.4,64197.4,0.110659,1,0,0,0,49,1073,75,0,43,270,,,,,,,,,,
2,4,,,,,,,,,,,,,,,,,,,,VEHICLE_TRIP,3,0,0,,,,0.5,1
2,4,4294967295,-1.79769e+308,1.79769e+308,inf,0,0,1.79769e+308,1,0,0,0,0,0,0,0,0,0,0,,,,,,,,,,
2,4,0,57367,58593.7,0.0209357,1,57093.4,58593.7,0.0256043,0,0,0,0,49,1073,0,0,43,270,,,,,,,,,,
2,4,1,57367,58592.2,0.0209108,1,57093.4,58592.2,0.0255796,0,0,0,0,49,1100,27,0,52,327,,,,,,,,,,
2,4,2,58037.3,58582.2,0.00930221,1,57093.4,58582.2,0.0254133,0,0,0,0,49,1109,9,0,48,275,,,,,,,,,,
2,4,3,58290.3,58582.2,0.00498186,0,57093.4,58582.2,0.0254133,0,0,0,0,49,1112,3,0,45,240,,,,,,,,,,
2,1,,,,,,,,,,,,,,,,,,,,Branch-and-Price (Depth-First),4294967295,0,0,,,,1.79769e+308,1.79769e+308
2,3,,,,,,,,,,,,,,,,,,,,VEHICLE_TRIP,1,1,0,0,65,,0.5,1
2,3,0,57093.4,57367.7,0.00478136,0,57093.4,58582.2,0.0254133,1,0,0,0,49,1112,0,0,45,240,,,,,,,,,,
2,3,1,57367.7,57367.7,0,0,57093.4,58582.2,0.0254133,0,0,0,0,49,1112,0,0,41,190,,,,,,,,,,
2,4,,,,,,,,,,,,,,,,,,,,VEHICLE_TRIP,3,1,0,2,61,,0.5,1
2,4,0,57367.7,58527.9,0.019823,0,57367.7,58582.2,0.020731,1,0,0,0,49,1112,0,0,41,190,,,,,,,,,,
2,4,1,57367.7,58053.5,0.0118129,1,57367.7,58053.5,0.0118129,0,0,0,0,49,1150,38,0,46,235,,,,,,,,,,
2,4,2,57498,58053.5,0.00956869,0,57367.7,58053.5,0.0118129,0,0,0,0,49,1155,5,0,47,241,,,,,,,,,,
2,4,3,58046.6,58053.5,0.000119614,0,57367.7,58053.5,0.0118129,0,0,0,0,49,1156,1,0,48,255,,,,,,,,,,
2,4,4,58053.5,58053.5,0,0,57367.7,58053.5,0.0118129,0,0,0,0,49,1156,0,0,46,239,,,,,,,,,,
2,5,,,,,,,,,,,,,,,,,,,,VEHICLE_TRIP,3,0,0,2,61,,0.5,0
2,5,0,57367.7,57764.7,0.00687209,1,57367.7,57764.7,0.00687209,2,0,0,0,49,1156,0,0,46,239,,,,,,,,,,
2,5,1,57367.7,57764.7,0.00687209,0,57367.7,57764.7,0.00687209,0,0,0,0,49,1170,14,0,47,257,,,,,,,,,,
2,5,2,57764.7,57764.7,0,0,57367.7,57764.7,0.00687209,0,0,0,0,49,1170,0,0,44,219,,,,,,,,,,
2,6,,,,,,,,,,,,,,,,,,,,VEHICLE_TRIP,1,0,0,0,65,,0.5,0
2,6,0,57093.4,57093.4,0,0,57093.4,57764.7,0.0116206,2,0,0,0,49,1170,0,0,44,219,,,,,,,,,,
2,6,1,57093.4,57093.4,0,0,57093.4,57764.7,0.0116206,0,0,0,0,49,1170,0,0,42,175,,,,,,,,,,
2,7,,,,,,,,,,,,,,,,,,,,VEHICLE_TRIP,6,1,0,1,64,,0.5,1
2,7,0,57093.4,57093.4,0,0,57093.4,57764.7,0.0116206,0,0,0,0,49,1170,0,0,42,175,,,,,,,,,,
2,7,1,57093.4,57093.4,0,0,57093.4,57764.7,0.0116206,0,0,0,0,49,1170,0,0,42,183,,,,,,,,,,
2,8,,,,,,,,,,,,,,,,,,,,VEHICLE_TRIP,7,1,0,2,61,,0.5,1
2,8,0,57093.4,58529.3,0.0245328,0,57093.4,57764.7,0.0116206,1,0,0,0,49,1170,0,0,42,183,,,,,,,,,,
2,8,1,58053.5,58365.2,0.00534106,0,57093.4,57764.7,0.0116206,0,0,0,0,49,1178,8,0,44,214,,,,,,,,,,
2,9,,,,,,,,,,,,,,,,,,,,VEHICLE_TRIP,7,1,0,2,61,,0.5,0
2,9,0,57093.4,57476.8,0.00667051,0,57093.4,57764.7,0.0116206,2,0,0,0,49,1178,0,0,44,214,,,,,,,,,,
2,9,1,57093.4,57403.6,0.00540391,0,57093.4,57764.7,0.0116206,0,0,0,0,49,1185,7,0,48,234,,,,,,,,,,
2,9,2,57403.6,57403.6,0,0,57093.4,57764.7,0.0116206,0,0,0,0,49,1185,0,0,46,214,,,,,,,,,,
2,10,,,,,,,,,,,,,,,,,,,,VEHICLE_TRIP,6,0,0,1,64,,0.5,0
2,10,0,57093.4,57295.8,0.00353127,0,57093.4,57764.7,0.0116206,2,0,0,0,49,1185,0,0,46,214,,,,,,,,,,
2,10,1,57093.4,57093.4,1.27439e-16,0,57093.4,57764.7,0.0116206,0,0,0,0,49,1199,14,0,42,163,,,,,,,,,,
2,11,,,,,,,,,,,,,,,,,,,,VEHICLE_TRIP,10,1,0,0,63,,0.5,1
2,11,0,57093.4,57636.6,0.00942316,0,57093.4,57764.7,0.0116206,0,0,0,0,49,1199,0,0,42,163,,,,,,,,,,
2,11,1,57636.6,57636.6,0,0,57093.4,57764.7,0.0116206,0,0,0,0,49,1199,0,0,46,236,,,,,,,,,,
2,12,,,,,,,,,,,,,,,,,,,,VEHICLE_TRIP,10,0,0,0,63,,0.5,0
2,12,0,57093.4,57093.4,0,0,57093.4,57764.7,0.0116206,1,0,0,0,49,1199,0,0,46,236,,,,,,,,,,
2,12,1,57093.4,57093.4,0,0,57093.4,57764.7,0.0116206,0,0,0,0,49,1199,0,0,42,179,,,,,,,,,,
2,13,,,,,,,,,,,,,,,,,,,,VEHICLE_TRIP,12,0,0,2,64,,0.5,1
2,13,0,57093.4,58210.4,0.0191891,0,57093.4,57764.7,0.0116206,1,0,0,0,49,1199,0,0,42,179,,,,,,,,,,
2,13,1,57093.4,58089,0.0171395,0,57093.4,57764.7,0.0116206,0,0,0,0,49,1217,18,0,50,273,,,,,,,,,,
2,13,2,57093.4,57805.9,0.0123247,0,57093.4,57764.7,0.0116206,0,0,0,0,49,1233,16,0,47,256,,,,,,,,,,
2,13,3,57578.1,57805.9,0.00393958,0,57093.4,57764.7,0.0116206,0,0,0,0,49,1236,3,0,49,248,,,,,,,,,,
2,13,4,57805.9,57805.9,0,0,57093.4,57764.7,0.0116206,0,0,0,0,49,1236,0,0,44,217,,,,,,,,,,
2,14,,,,,,,,,,,,,,,,,,,,VEHICLE_TRIP,12,0,0,2,64,,0.5,0
2,14,0,57093.4,57589.9,0.0086202,0,57093.4,57764.7,0.0116206,2,0,0,0,49,1236,0,0,44,217,,,,,,,,,,
2,14,1,57093.4,57093.4,0,0,57093.4,57764.7,0.0116206,1,0,0,0,49,1262,26,0,48,252,,,,,,,,,,
2,15,,,,,,,,,,,,,,,,,,,,VEHICLE_TRIP,14,1,0,2,68,,0.5,1
2,15,0,57093.4,57102.9,0.000166016,0,57093.4,57764.7,0.0116206,0,0,0,0,49,1262,0,0,48,252,,,,,,,,,,
2,15,1,57093.4,57102.9,0.000166016,0,57093.4,57764.7,0.0116206,0,0,0,0,49,1277,15,0,50,276,,,,,,,,,,
2,15,2,57093.4,57102.9,0.000166016,0,57093.4,57764.7,0.0116206,0,0,0,0,49,1280,3,0,53,295,,,,,,,,,,
2,15,3,57093.4,57102.9,0.000166016,0,57093.4,57764.7,0.0116206,0,0,0,0,49,1281,1,0,45,248,,,,,,,,,,
2,15,4,57102.9,57102.9,0,0,57093.4,57764.7,0.0116206,0,0,0,0,49,1281,0,0,45,220,,,,,,,,,,
2,16,,,,,,,,,,,,,,,,,,,,VEHICLE_ROTATION,15,1,0,5,,,0.5,0
2,16,0,57102.9,58053.5,0.0163745,0,57102.9,57764.7,0.0114565,0,0,0,0,49,1281,0,0,45,220,,,,,,,,,,
2,16,1,57102.9,57413.4,0.0054087,0,57102.9,57764.7,0.0114565,0,0,0,0,49,1321,40,0,50,300,,,,,,,,,,
2,16,2,57413.4,57413.4,0,0,57102.9,57764.7,0.0114565,0,0,0,0,49,1321,0,0,46,238,,,,,,,,,,
2,17,,,,,,,,,,,,,,,,,,,,VEHICLE_ROTATION,15,1,0,5,,,0.5,1
2,17,0,57102.9,58237.1,0.0194755,0,57102.9,57764.7,0.0114565,1,0,0,0,49,1321,0,0,46,238,,,,,,,,,,
2,17,1,57349.1,58087.9,0.0127196,0,57102.9,57764.7,0.0114565,0,0,0,0,49,1333,12,0,46,226,,,,,,,,,,
2,17,2,57933.2,58087.9,0.00266456,0,57102.9,57764.7,0.0114565,0,0,0,0,49,1338,5,0,49,250,,,,,,,,,,
2,18,,,,,,,,,,,,,,,,,,,,VEHICLE_TRIP,14,1,0,2,68,,0.5,0
2,18,0,57093.4,57631.4,0.00933527,0,57093.4,57764.7,0.0116206,3,0,0,0,49,1338,0,0,49,250,,,,,,,,,,
2,18,1,57262.6,57497.5,0.00408544,0,57093.4,57764.7,0.0116206,0,0,0,0,49,1341,3,0,44,184,,,,,,,,,,
2,18,2,57262.6,57483.9,0.00384968,0,57093.4,57764.7,0.0116206,0,0,0,0,49,1346,5,0,49,264,,,,,,,,,,
2,18,3,57262.6,57483.9,0.00384968,0,57093.4,57764.7,0.0116206,0,0,0,0,49,1348,2,0,46,208,,,,,,,,,,
2,18,4,57262.6,57483.9,0.00384968,0,57093.4,57764.7,0.0116206,0,0,0,0,49,1349,1,0,46,234,,,,,,,,,,
2,18,5,57483.9,57483.9,0,0,57093.4,57764.7,0.0116206,0,0,0,0,49,1349,0,0,44,184,,,,,,,,,,
3,1,0,-1.79769e+308,660000,2.72378e+302,1,-1.79769e+308,660000,2.72378e+302,0,0,0,0,47,43,0,0,0,0,,,,,,,,,,
3,1,1,-307972,135834,3.26727,1,-307972,135834,3.26727,0,0,0,0,47,163,120,0,39,132,,,,,,,,,,
3,1,2,-307972,90559.1,4.40079,0,-307972,135834,3.26727,0,0,0,0,47,262,99,0,48,285,,,,,,,,,,
3,1,3,-307972,70061.1,5.39576,0,-307972,135834,3.26727,0,0,0,0,47,391,129,0,52,268,,,,,,,,,,
3,1,4,-189298,59432.3,4.18511,0,-189298,135834,2.3936,1,0,0,0,47,485,94,0,51,291,,,,,,,,,,
3,1,5,-148259,59432.3,3.4946,0,-148259,135834,2.09148,0,0,0,0,47,613,128,0,68,358,,,,,,,,,,
3,1,6,-148259,59064.9,3.51011,0,-148259,135834,2.09148,1,0,0,0,47,743,130,0,66,365,,,,,,,,,,
3,1,7,58769.3,59064.4,0.00499676,0,58769.3,135834,0.567344,0,0,0,0,47,760,17,0,54,269,,,,,,,,,,
3,1,8,59055.2,59063.9,0.000146598,0,59055.2,135834,0.565239,0,0,0,0,47,776,16,0,67,344,,,,,,,,,,
3,1,9,59063.9,59063.9,0,0,59063.9,135834,0.565175,0,0,0,0,47,776,0,0,48,240,,,,,,,,,,
3,1,,,,,,,,,,,,,,,,,,,,Trunc. CG,4294967295,0,0,,,,1.79769e+308,1.79769e+308
3,2,,,,,,,,,,,,,,,,,,,,VEHICLE_CHARGING_AFTER,1,0,0,,,,0.666667,1
3,2,4294967295,-1.79769e+308,1.79769e+308,inf,0,0,1.79769e+308,1,0,0,0,0,0,0,0,0,0,0,,,,,,,,,,
3,2,0,59063.9,60184.5,0.0186195,1,59063.9,60184.5,0.0186195,0,0,0,0,47,776,0,0,48,240,,,,,,,,,,
3,2,1,59063.9,60184.5,0.0186195,0,59063.9,60184.5,0.0186195,0,0,0,0,47,794,18,0,47,255,,,,,,,,,,
3,2,2,59920.2,60184.5,0.00439223,0,59063.9,60184.5,0.0186195,0,0,0,0,47,797,3,0,45,218,,,,,,,,,,
3,1,,,,,,,,,,,,,,,,,,,,Branch-and-Price (Depth-First),4294967295,0,0,,,,1.79769e+308,1.79769e+308
3,3,,,,,,,,,,,,,,,,,,,,VEHICLE_TRIP,1,0,0,2,75,,0.333333,1
3,3,0,59063.9,60249.3,0.0196754,0,59063.9,60184.5,0.0186195,2,0,0,0,47,797,0,0,45,218,,,,,,,,,,
3,3,1,59070.8,60143.3,0.0178325,1,59063.9,60143.3,0.0179473,0,0,0,0,47,837,40,0,51,259,,,,,,,,,,
3,3,2,60143.3,60143.3,0,0,59063.9,60143.3,0.0179473,0,0,0,0,47,837,0,0,41,183,,,,,,,,,,
3,4,,,,,,,,,,,,,,,,,,,,VEHICLE_TRIP,1,0,0,2,75,,0.333333,0
3,4,0,59063.9,59063.9,1.23188e-16,0,59063.9,60143.3,0.0179473,2,0,0,0,47,837,0,0,41,183,,,,,,,,,,
3,4,1,59063.9,59063.9,1.23188e-16,0,59063.9,60143.3,0.0179473,0,0,0,0,47,837,0,0,43,211,,,,,,,,,,
3,5,,,,,,,,,,,,,,,,,,,,VEHICLE_TRIP,4,0,0,1,75,,0.333333,1
3,5,0,59063.9,60143.3,0.0179473,0,59063.9,60143.3,0.0179473,0,0,0,0,47,837,0,0,43,211,,,,,,,,,,
3,5,1,60140.3,60143.3,4.94818e-05,0,59063.9,60143.3,0.0179473,0,0,0,0,47,839,2,0,43,194,,,,,,,,,,
3,5,2,60143.3,60143.3,0,0,59063.9,60143.3,0.0179473,0,0,0,0,47,839,0,0,41,183,,,,,,,,,,
3,6,,,,,,,,,,,,,,,,,,,,VEHICLE_TRIP,4,0,0,1,75,,0.333333,0
3,6,0,59063.9,59334.5,0.0045607,0,59063.9,60143.3,0.0179473,1,0,0,0,47,839,0,0,41,183,,,,,,,,,,
3,6,1,59180.2,59333,0.00257496,0,59063.9,60143.3,0.0179473,0,0,0,0,47,848,9,0,49,271,,,,,,,,,,
3,6,2,59333,59333,0,0,59063.9,60143.3,0.0179473,0,0,0,0,47,848,0,0,43,235,,,,,,,,,,
3,7,,,,,,,,,,,,,,,,,,,,VEHICLE_TRIP,6,0,0,3,75,,0.5,1
3,7,0,59333,60143.3,0.013473,0,59333,60143.3,0.013473,0,0,0,0,47,848,0,0,43,235,,,,,,,,,,
3,7,1,59709.1,60143.3,0.00721889,0,59333,60143.3,0.013473,0,0,0,0,47,851,3,0,43,212,,,,,,,,,,
3,7,2,60143.3,60143.3,0,0,59333,60143.3,0.013473,0,0,0,0,47,851,0,0,43,211,,,,,,,,,,
3,8,,,,,,,,,,,,,,,,,,,,VEHICLE_TRIP,6,0,0,3,75,,0.5,0
3,8,0,59333,59334.5,2.54152e-05,0,59333,60143.3,0.013473,1,0,0,0,47,851,0,0,43,211,,,,,,,,,,
3,8,1,59334.5,59334.5,0,0,59333,60143.3,0.013473,0,0,0,0,47,851,0,0,42,230,,,,,,,,,,
3,9,,,,,,,,,,,,,,,,,,,,VEHICLE_TRIP,8,0,0,1,77,,0.5,1
3,9,0,59334.5,59334.5,1.22626e-14,0,59334.5,60143.3,0.0134479,0,0,0,0,47,851,0,0,42,230,,,,,,,,,,
3,9,1,59334.5,59334.5,0,0,59334.5,60143.3,0.0134479,0,0,0,0,47,851,0,0,43,233,,,,,,,,,,
3,10,,,,,,,,,,,,,,,,,,,,VEHICLE_TRIP,9,0,0,3,88,,0.5,1
3,10,0,59334.5,59335.3,1.2876e-05,0,59334.5,60143.3,0.0134479,0,0,0,0,47,851,0,0,43,233,,,,,,,,,,
3,10,1,59335.3,59335.3,0,0,59334.5,60143.3,0.0134479,0,0,0,0,47,851,0,0,43,251,,,,,,,,,,
3,11,,,,,,,,,,,,,,,,,,,,VEHICLE_TRIP,10,0,0,4,81,,0.5,1
3,11,0,59335.3,59344.1,0.000148827,1,59335.3,59344.1,0.000148827,0,0,0,0,47,851,0,0,43,251,,,,,,,,,,
3,11,1,59344.1,59344.1,0,0,59335.3,59344.1,0.000148827,0,0,0,0,47,851,0,0,45,282,,,,,,,,,,
3,12,,,,,,,,,,,,,,,,,,,,VEHICLE_TRIP,10,0,0,4,81,,0.5,0
3,12,0,59335.3,59335.3,5.5181e-15,0,59335.3,59344.1,0.000148827,0,0,0,0,47,851,0,0,45,282,,,,,,,,,,
3,12,1,59335.3,59335.3,5.5181e-15,0,59335.3,59344.1,0.000148827,0,0,0,0,47,851,0,0,44,258,,,,,,,,,,
3,13,,,,,,,,,,,,,,,,,,,,VEHICLE_TRIP,9,0,0,3,88,,0.5,0
3,13,0,59334.5,59360.4,0.000435846,0,59334.5,59344.1,0.000161701,0,0,0,0,47,851,0,0,44,258,,,,,,,,,,
3,13,1,59334.5,59360.4,0.000435846,0,59334.5,59344.1,0.000161701,0,0,0,0,47,855,4,0,44,239,,,,,,,,,,
3,13,2,59360.4,59360.4,0,0,59334.5,59344.1,0.000161701,0,0,0,0,47,855,0,0,43,233,,,,,,,,,,
3,14,,,,,,,,,,,,,,,,,,,,VEHICLE_TRIP,8,0,0,1,77,,0.5,0
3,14,0,59334.5,60143.3,0.0134479,0,59334.5,59344.1,0.000161701,1,0,0,0,47,855,0,0,43,233,,,,,,,,,,
3,14,1,59334.5,59663.7,0.00551726,0,59334.5,59344.1,0.000161701,1,0,0,0,47,895,40,0,50,283,,,,,,,,,,
3,14,2,59657.4,59662.9,9.19835e-05,0,59334.5,59344.1,0.000161701,0,0,0,0,47,902,7,0,46,254,,,,,,,,,,
4,1,0,-1.79769e+308,700000,2.56813e+302,1,-1.79769e+308,700000,2.56813e+302,0,0,0,0,49,45,0,0,0,0,,,,,,,,,,
4,1,1,-304251,170991,2.77934,1,-304251,170991,2.77934,0,0,0,0,49,197,152,0,42,152,,,,,,,,,,
4,1,2,-304251,61021.3,5.98599,0,-304251,170991,2.77934,0,0,0,0,49,284,87,0,49,267,,,,,,,,,,
4,1,3,-304251,60684.4,6.01367,0,-304251,170991,2.77934,0,0,0,0,49,420,136,0,55,318,,,,,,,,,,
4,1,4,-304251,60431.3,6.03467,0,-304251,170991,2.77934,0,0,0,0,49,538,118,0,55,327,,,,,,,,,,
4,1,5,-157021,60315.3,3.60334,0,-157021,170991,1.9183,0,0,0,0,49,608,70,0,59,320,,,,,,,,,,
4,1,6,56593.9,60033.2,0.0572894,0,56593.9,170991,0.669025,1,0,0,0,49,632,24,0,53,310,,,,,,,,,,
4,1,7,58957.2,59829.2,0.014575,0,58957.2,170991,0.655204,0,0,0,0,49,656,24,0,47,247,,,,,,,,,,
4,1,8,59824.6,59829.2,7.66182e-05,0,59824.6,170991,0.650131,0,0,0,0,49,665,9,0,50,283,,,,,,,,,,
4,1,9,59829.2,59829.2,0,0,59829.2,170991,0.650104,0,0,0,0,49,665,0,0,48,261,,,,,,,,,,
4,1,,,,,,,,,,,,,,,,,,,,Trunc. CG,4294967295,0,0,,,,1.79769e+308,1.79769e+308
4,2,,,,,,,,,,,,,,,,,,,,VEHICLE_TRIP,1,0,0,,,,0.75,1
4,2,4294967295,-1.79769e+308,1.79769e+308,inf,0,0,1.79769e+308,1,0,0,0,0,0,0,0,0,0,0,,,,,,,,,,
4,2,0,59829.2,60003.7,0.00290857,0,59829.2,170991,0.650104,0,0,0,0,49,665,0,0,48,261,,,,,,,,,,
4,2,1,59829.2,59847.3,0.000302336,0,59829.2,170991,0.650104,0,0,0,0,49,670,5,0,47,277,,,,,,,,,,
4,3,,,,,,,,,,,,,,,,,,,,VEHICLE_TRIP,2,0,0,,,,0.666667,1
4,3,4294967295,-1.79769e+308,1.79769e+308,inf,0,0,1.79769e+308,1,0,0,0,0,0,0,0,0,0,0,,,,,,,,,,
4,3,0,59829.2,59847.3,0.000302336,0,59829.2,170991,0.650104,0,0,0,0,49,670,0,0,47,277,,,,,,,,,,
4,3,1,59847.3,59847.3,0,0,59829.2,170991,0.650104,0,0,0,0,49,670,0,0,50,282,,,,,,,,,,
4,4,,,,,,,,,,,,,,,,,,,,VEHICLE_CHARGING_AFTER,3,0,0,,,,0.666667,1
4,4,4294967295,-1.79769e+308,1.79769e+308,inf,0,0,1.79769e+308,1,0,0,0,0,0,0,0,0,0,0,,,,,,,,,,
4,4,0,59847.3,60907.8,0.0174119,1,59829.2,60907.8,0.017709,0,0,0,0,49,670,0,0,50,282,,,,,,,,,,
4,4,1,59847.3,60312.1,0.00770645,0,59829.2,60907.8,0.017709,0,0,0,0,49,704,34,0,55,317,,,,,,,,,,
4,4,2,59847.3,60312.1,0.00770645,0,59829.2,60907.8,0.017709,0,0,0,0,49,709,5,0,48,255,,,,,,,,,,
4,4,3,60184.2,60312.1,0.00212004,0,59829.2,60907.8,0.017709,0,0,0,0,49,716,7,0,50,281,,,,,,,,,,
4,5,,,,,,,,,,,,,,,,,,,,VEHICLE_TRIP,4,0,0,,,,0.5,1
4,5,4294967295,-1.79769e+308,1.79769e+308,inf,0,0,1.79769e+308,1,0,0,0,0,0,0,0,0,0,0,,,,,,,,,,
4,5,0,60184.2,60879.7,0.0114244,0,59829.2,60907.8,0.017709,0,0,0,0,49,716,0,0,50,281,,,,,,,,,,
4,5,1,60748,60879.7,0.00216275,0,59829.2,60907.8,0.017709,0,0,0,0,49,718,2,0,53,324,,,,,,,,,,
4,6,,,,,,,,,,,,,,,,,,,,VEHICLE_MAINTENANCE,5,0,0,,,,0.5,1
4,6,4294967295,-1.79769e+308,1.79769e+308,inf,0,0,1.79769e+308,1,0,0,0,0,0,0,0,0,0,0,,,,,,,,,,
4,6,0,60748,62826.5,0.0330819,0,59829.2,60907.8,0.017709,0,0,0,0,49,718,0,0,53,324,,,,,,,,,,
4,6,1,61622.7,62291.7,0.0107391,0,59829.2,60907.8,0.017709,0,0,0,0,49,720,2,0,48,300,,,,,,,,,,
4,1,,,,,,,,,,,,,,,,,,,,Branch-and-Price (Depth-First),4294967295,0,0,,,,1.79769e+308,1.79769e+308
4,3,,,,,,,,,,,,,,,,,,,,TOTAL_VEHICLES,1,0,0,,,,5.25,5
4,3,0,59829.2,60335.3,0.00838829,0,59829.2,60907.8,0.017709,3,0,0,0,49,720,0,0,48,300,,,,,,,,,,
4,3,1,59829.2,60216.2,0.00642787,0,59829.2,60907.8,0.017709,0,0,0,0,49,727,7,0,48,251,,,,,,,,,,
4,3,2,59829.2,60174.5,0.00573812,0,59829.2,60907.8,0.017709,0,0,0,0,49,732,5,0,49,249,,,,,,,,,,
4,3,3,60148.5,60174.5,0.000431013,0,59829.2,60907.8,0.017709,0,0,0,0,49,734,2,0,46,229,,,,,,,,,,
4,3,4,60174.4,60174.5,6.64734e-07,0,59829.2,60907.8,0.017709,0,0,0,0,49,735,1,0,43,222,,,,,,,,,,
4,4,,,,,,,,,,,,,,,,,,,,VEHICLE_ROTATION,3,0,0,3,,,0.5,0
4,4,0,60174.4,60174.5,9.97101e-07,0,60174.4,60907.8,0.0120406,0,0,0,0,49,735,0,0,43,222,,,,,,,,,,
4,4,1,60174.5,60174.5,0,0,60174.4,60907.8,0.0120406,0,0,0,0,49,735,0,0,43,215,,,,,,,,,,
4,5,,,,,,,,,,,,,,,,,,,,VEHICLE_TRIP,4,0,0,5,95,,0.5,1
4,5,0,60174.5,60642.8,0.00772316,1,60174.5,60642.8,0.00772316,0,0,0,0,49,735,0,0,43,215,,,,,,,,,,
4,5,1,60460.6,60642.8,0.00300507,0,60174.5,60642.8,0.00772316,0,0,0,0,49,736,1,0,45,264,,,,,,,,,,
4,5,2,60460.6,60642.8,0.00300507,0,60174.5,60642.8,0.00772316,0,0,0,0,49,738,2,0,45,296,,,,,,,,,,
4,5,3,60642.8,60642.8,0,0,60174.5,60642.8,0.00772316,0,0,0,0,49,738,0,0,45,296,,,,,,,,,,
4,6,,,,,,,,,,,,,,,,,,,,VEHICLE_TRIP,4,0,0,5,95,,0.5,0
4,6,0,60174.5,60283,0.00179965,0,60174.5,60642.8,0.00772316,1,0,0,0,49,738,0,0,45,296,,,,,,,,,,
4,6,1,60174.5,60283,0.00179965,0,60174.5,60642.8,0.00772316,0,0,0,0,49,742,4,0,46,237,,,,,,,,,,
4,6,2,60283,60283,0,0,60174.5,60642.8,0.00772316,0,0,0,0,49,742,0,0,44,222,,,,,,,,,,
4,7,,,,,,,,,,,,,,,,,,,,VEHICLE_ROTATION,3,0,0,3,,,0.5,1
4,7,0,60174.4,60224.9,0.000837849,0,60174.4,60642.8,0.00772415,1,0,0,0,49,742,0,0,44,222,,,,,,,,,,
4,7,1,60224.9,60224.9,0,0,60174.4,60642.8,0.00772415,0,0,0,0,49,742,0,0,46,266,,,,,,,,,,
4,8,,,,,,,,,,,,,,,,,,,,TOTAL_VEHICLES,1,0,0,,,,5.25,6
4,8,0,59829.2,60657.5,0.0136559,0,59829.2,60642.8,0.0134173,2,0,0,0,49,742,0,0,46,266,,,,,,,,,,
4,8,1,60065.3,60657.5,0.00976235,0,59829.2,60642.8,0.0134173,0,0,0,0,49,748,6,0,45,247,,,,,,,,,,
4,8,2,60657.5,60657.5,0,0,59829.2,60642.8,0.0134173,0,0,0,0,49,748,0,0,44,247,,,,,,,,,,
5,1,0,-1.79769e+308,720000,2.4968e+302,1,-1.79769e+308,720000,2.4968e+302,0,0,0,0,49,46,0,0,0,0,,,,,,,,,,
5,1,1,-292444,150925,2.93768,1,-292444,150925,2.93768,0,0,0,0,49,188,142,0,39,129,,,,,,,,,,
5,1,2,-292444,78846.2,4.70905,0,-292444,150925,2.93768,0,0,0,0,49,301,113,0,45,204,,,,,,,,,,
5,1,3,-292444,41285.1,8.08354,0,-292444,150925,2.93768,0,0,0,0,49,425,124,0,45,247,,,,,,,,,,
5,1,4,-175820,40733.8,5.31632,0,-175820,150925,2.16495,0,0,0,0,49,470,45,0,45,214,,,,,,,,,,
5,1,5,-138059,40459.5,4.41228,0,-138059,150925,1.91475,0,0,0,0,49,525,55,0,49,234,,,,,,,,,,
5,1,6,-138059,40459.5,4.41228,0,-138059,150925,1.91475,0,0,0,0,49,593,68,0,53,245,,,,,,,,,,
5,1,7,-138059,40313.6,4.42463,0,-138059,150925,1.91475,0,0,0,0,49,648,55,0,61,342,,,,,,,,,,
5,1,8,-138059,40313.6,4.42463,0,-138059,150925,1.91475,0,0,0,0,49,706,58,0,55,296,,,,,,,,,,
5,1,9,-138059,40313.6,4.42463,0,-138059,150925,1.91475,0,0,0,0,49,786,80,0,55,308,,,,,,,,,,
5,1,10,-138059,40313.6,4.42463,0,-138059,150925,1.91475,0,0,0,0,49,862,76,0,57,313,,,,,,,,,,
5,1,11,-138059,40313.6,4.42463,0,-138059,150925,1.91475,0,0,0,0,49,958,96,0,60,317,,,,,,,,,,
5,1,12,40313.6,40313.6,0,0,40313.6,150925,0.73289,0,0,0,0,49,958,0,0,47,221,,,,,,,,,,
5,1,,,,,,,,,,,,,,,,,,,,Trunc. CG,4294967295,0,0,,,,1.79769e+308,1.79769e+308
5,2,,,,,,,,,,,,,,,,,,,,VEHICLE_TRIP,1,0,0,,,,0.5,1
5,2,4294967295,-1.79769e+308,1.79769e+308,inf,0,0,1.79769e+308,1,0,0,0,0,0,0,0,0,0,0,,,,,,,,,,
5,2,0,40313.6,41852.6,0.0367721,0,40313.6,150925,0.73289,2,0,0,0,49,958,0,0,47,221,,,,,,,,,,
5,2,1,40313.6,40958.6,0.0157475,0,40313.6,150925,0.73289,1,0,0,0,49,1002,44,0,47,264,,,,,,,,,,
5,2,2,40546,40913.3,0.00897735,0,40313.6,150925,0.73289,0,0,0,0,49,1006,4,0,49,268,,,,,,,,,,
5,2,3,40903.3,40913.3,0.000244419,0,40313.6,150925,0.73289,0,0,0,0,49,1007,1,0,49,235,,,,,,,,,,
5,3,,,,,,,,,,,,,,,,,,,,VEHICLE_TRIP,2,0,0,,,,0.875,1
5,3,,,,,,,,,,,,,,,,,,,,VEHICLE_TRIP,2,0,0,,,,0.875,1
5,3,4294967295,-1.79769e+308,1.79769e+308,inf,0,0,1.79769e+308,1,0,0,0,0,0,0,0,0,0,0,,,,,,,,,,
5,3,0,40903.3,40967.9,0.00157682,0,40313.6,150925,0.73289,0,0,0,0,49,1007,0,0,49,235,,,,,,,,,,
5,3,1,40967.9,40967.9,0,0,40313.6,150925,0.73289,0,0,0,0,49,1007,0,0,48,261,,,,,,,,,,
5,4,,,,,,,,,,,,,,,,,,,,VEHICLE_TRIP,3,0,0,,,,0.8,1
5,4,,,,,,,,,,,,,,,,,,,,VEHICLE_MAINTENANCE,3,0,0,,,,0.8,1
5,4,,,,,,,,,,,,,,,,,,,,VEHICLE_CHARGING_AFTER,3,0,0,,,,0.8,1
5,4,,,,,,,,,,,,,,,,,,,,VEHICLE_CHARGING_AFTER,3,0,0,,,,0.8,1
5,4,,,,,,,,,,,,,,,,,,,,VEHICLE_TRIP,3,0,0,,,,0.8,1
5,4,,,,,,,,,,,,,,,,,,,,VEHICLE_MAINTENANCE,3,0,0,,,,0.8,1
5,4,,,,,,,,,,,,,,,,,,,,VEHICLE_TRIP,3,0,0,,,,0.8,1
5,4,,,,,,,,,,,,,,,,,,,,VEHICLE_TRIP,3,0,0,,,,0.8,1
5,4,,,,,,,,,,,,,,,,,,,,VEHICLE_TRIP,3,0,0,,,,0.8,1
5,4,,,,,,,,,,,,,,,,,,,,VEHICLE_CHARGING_BEFORE,3,0,0,,,,0.8,1
5,4,,,,,,,,,,,,,,,,,,,,VEHICLE_TRIP,3,0,0,,,,0.8,1
5,4,,,,,,,,,,,,,,,,,,,,VEHICLE_TRIP,3,0,0,,,,0.8,1
5,4,,,,,,,,,,,,,,,,,,,,VEHICLE_CHARGING_BEFORE,3,0,0,,,,0.8,1
5,4,,,,,,,,,,,,,,,,,,,,VEHICLE_CHARGING_BEFORE,3,0,0,,,,0.8,1
5,4,,,,,,,,,,,,,,,,,,,,VEHICLE_CHARGING_BEFORE,3,0,0,,,,0.8,1
5,4,,,,,,,,,,,,,,,,,,,,VEHICLE_CHARGING_BEFORE,3,0,0,,,,0.8,1
5,4,,,,,,,,,,,,,,,,,,,,VEHICLE_TRIP,3,0,0,,,,0.8,1
5,4,4294967295,-1.79769e+308,1.79769e+308,inf,0,0,1.79769e+308,1,0,0,0,0,0,0,0,0,0,0,,,,,,,,,,
5,4,0,40967.9,41530.3,0.0135413,1,40313.6,41530.3,0.0292968,0,0,0,0,49,1007,0,0,48,261,,,,,,,,,,
5,4,1,41530.3,41530.3,0,0,40313.6,41530.3,0.0292968,0,0,0,0,49,1007,0,0,43,224,,,,,,,,,,
5,1,,,,,,,,,,,,,,,,,,,,Branch-and-Price (Depth-First),4294967295,0,0,,,,1.79769e+308,1.79769e+308
5,3,,,,,,,,,,,,,,,,,,,,TOTAL_VEHICLES,1,0,0,,,,5.5,5
5,3,0,40313.6,41954,0.0391013,0,40313.6,41530.3,0.0292968,3,0,0,0,49,1007,0,0,43,224,,,,,,,,,,
5,3,1,40882.2,41640.2,0.0182036,0,40313.6,41530.3,0.0292968,0,0,0,0,49,1019,12,0,49,272,,,,,,,,,,
5,3,2,41561.8,41640.2,0.0018828,0,40313.6,41530.3,0.0292968,0,0,0,0,49,1028,9,0,52,286,,,,,,,,,,
5,4,,,,,,,,,,,,,,,,,,,,TOTAL_VEHICLES,1,0,0,,,,5.5,6
5,4,0,40313.6,41256.1,0.022845,1,40313.6,41256.1,0.022845,3,0,0,0,49,1028,0,0,52,286,,,,,,,,,,
5,4,1,41156.1,41246.1,0.00218203,0,40313.6,41256.1,0.022845,0,0,0,0,49,1037,9,0,45,223,,,,,,,,,,
5,4,2,41246.1,41246.1,0,0,40313.6,41256.1,0.022845,0,0,0,0,49,1037,0,0,44,196,,,,,,,,,,
6,1,0,-1.79769e+308,700000,2.56813e+302,1,-1.79769e+308,700000,2.56813e+302,0,0,0,0,49,45,0,0,0,0,,,,,,,,,,
6,1,1,-310190,98013.2,4.16477,0,-310190,700000,1.44313,0,0,0,0,49,196,151,0,38,144,,,,,,,,,,
6,1,2,-310190,61616.6,6.03419,1,-310190,61616.6,6.03419,0,0,0,0,49,354,158,0,50,270,,,,,,,,,,
6,1,3,-310190,61616.6,6.03419,0,-310190,61616.6,6.03419,0,0,0,0,49,559,205,0,51,291,,,,,,,,,,
6,1,4,-283720,61616.6,5.60461,0,-283720,61616.6,5.60461,0,0,0,0,49,708,149,0,46,265,,,,,,,,,,
6,1,5,-193363,61616.6,4.13816,0,-193363,61616.6,4.13816,0,0,0,0,49,888,180,0,47,292,,,,,,,,,,
6,1,6,40551.3,59496.3,0.318423,0,40551.3,61616.6,0.341876,1,0,0,0,49,942,54,0,44,236,,,,,,,,,,
6,1,7,55781.3,59145.9,0.0568864,0,55781.3,61616.6,0.0947028,0,0,0,0,49,1004,62,0,65,367,,,,,,,,,,
6,1,8,58271,59047.1,0.0131425,0,58271,61616.6,0.0542959,0,0,0,0,49,1025,21,0,50,229,,,,,,,,,,
6,1,9,59047.1,59047.1,0,0,59047.1,61616.6,0.0417014,0,0,0,0,49,1025,0,0,41,150,,,,,,,,,,
6,1,,,,,,,,,,,,,,,,,,,,Trunc. CG,4294967295,0,0,,,,1.79769e+308,1.79769e+308
6,2,,,,,,,,,,,,,,,,,,,,VEHICLE_TRIP,1,0,0,,,,0.5,1
6,2,4294967295,-1.79769e+308,1.79769e+308,inf,0,0,1.79769e+308,1,0,0,0,0,0,0,0,0,0,0,,,,,,,,,,
6,2,0,59047.1,59101.5,0.000921421,0,59047.1,61616.6,0.0417014,0,0,0,0,49,1025,0,0,41,150,,,,,,,,,,
6,2,1,59047.1,59047.1,0,0,59047.1,61616.6,0.0417014,0,0,0,0,49,1035,10,0,49,241,,,,,,,,,,
6,3,,,,,,,,,,,,,,,,,,,,VEHICLE_TRIP,2,0,0,,,,0.5,1
6,3,4294967295,-1.79769e+308,1.79769e+308,inf,0,0,1.79769e+308,1,0,0,0,0,0,0,0,0,0,0,,,,,,,,,,
6,3,0,59047.1,59625.4,0.00969889,0,59047.1,61616.6,0.0417014,1,0,0,0,49,1035,0,0,49,241,,,,,,,,,,
6,3,1,59445.4,59590.3,0.00243094,0,59047.1,61616.6,0.0417014,0,0,0,0,49,1038,3,0,45,219,,,,,,,,,,
6,4,,,,,,,,,,,,,,,,,,,,VEHICLE_TRIP,3,0,0,,,,0.5,1
6,4,4294967295,-1.79769e+308,1.79769e+308,inf,0,0,1.79769e+308,1,0,0,0,0,0,0,0,0,0,0,,,,,,,,,,
6,4,0,59445.4,59972.1,0.00878209,1,59047.1,59972.1,0.0154244,0,0,0,0,49,1038,0,0,45,219,,,,,,,,,,
6,4,1,59445.4,59785,0.00568019,0,59047.1,59972.1,0.0154244,0,0,0,0,49,1045,7,0,45,257,,,,,,,,,,
6,4,2,59445.4,59785,0.00568019,0,59047.1,59972.1,0.0154244,0,0,0,0,49,1053,8,0,48,268,,,,,,,,,,
6,4,3,59583.1,59751.4,0.0028155,0,59047.1,59972.1,0.0154244,0,0,0,0,49,1054,1,0,45,243,,,,,,,,,,
6,5,,,,,,,,,,,,,,,,,,,,VEHICLE_CHARGING_BEFORE,4,0,0,,,,0.833333,1
6,5,,,,,,,,,,,,,,,,,,,,VEHICLE_TRIP,4,0,0,,,,0.833333,1
6,5,,,,,,,,,,,,,,,,,,,,VEHICLE_CHARGING_BEFORE,4,0,0,,,,0.833333,1
6,5,,,,,,,,,,,,,,,,,,,,VEHICLE_TRIP,4,0,0,,,,0.833333,1
6,5,,,,,,,,,,,,,,,,,,,,VEHICLE_CHARGING_BEFORE,4,0,0,,,,0.833333,1
6,5,,,,,,,,,,,,,,,,,,,,VEHICLE_CHARGING_AFTER,4,0,0,,,,0.833333,1
6,5,,,,,,,,,,,,,,,,,,,,VEHICLE_CHARGING_AFTER,4,0,0,,,,0.833333,1
6,5,,,,,,,,,,,,,,,,,,,,VEHICLE_CHARGING_BEFORE,4,0,0,,,,0.833333,1
6,5,,,,,,,,,,,,,,,,,,,,VEHICLE_TRIP,4,0,0,,,,0.833333,1
6,5,,,,,,,,,,,,,,,,,,,,VEHICLE_TRIP,4,0,0,,,,0.833333,1
6,5,,,,,,,,,,,,,,,,,,,,VEHICLE_TRIP,4,0,0,,,,0.833333,1
6,5,,,,,,,,,,,,,,,,,,,,VEHICLE_TRIP,4,0,0,,,,0.833333,1
6,5,,,,,,,,,,,,,,,,,,,,VEHICLE_TRIP,4,0,0,,,,0.833333,1
6,5,,,,,,,,,,,,,,,,,,,,VEHICLE_TRIP,4,0,0,,,,0.833333,1
6,5,,,,,,,,,,,,,,,,,,,,VEHICLE_MAINTENANCE,4,0,0,,,,0.833333,1
6,5,,,,,,,,,,,,,,,,,,,,VEHICLE_CHARGING_BEFORE,4,0,0,,,,0.833333,1
6,5,4294967295,-1.79769e+308,1.79769e+308,inf,0,0,1.79769e+308,1,0,0,0,0,0,0,0,0,0,0,,,,,,,,,,
6,5,0,59583.1,59830,0.00412606,0,59047.1,59972.1,0.0154244,0,0,0,0,49,1054,0,0,45,243,,,,,,,,,,
6,5,1,59830,59830,0,0,59047.1,59972.1,0.0154244,0,0,0,0,49,1054,0,0,44,303,,,,,,,,,,
6,6,,,,,,,,,,,,,,,,,,,,VEHICLE_TRIP,5,0,0,,,,0.5,1
6,6,4294967295,-1.79769e+308,1.79769e+308,inf,0,0,1.79769e+308,1,0,0,0,0,0,0,0,0,0,0,,,,,,,,,,
6,6,0,59830,72160.7,0.170879,0,59047.1,59972.1,0.0154244,0,0,0,0,49,1054,0,0,44,303,,,,,,,,,,
6,6,1,59830,60128.6,0.00496571,0,59047.1,59972.1,0.0154244,0,0,0,0,49,1081,27,0,46,367,,,,,,,,,,
6,1,,,,,,,,,,,,,,,,,,,,Branch-and-Price (Depth-First),4294967295,0,0,,,,1.79769e+308,1.79769e+308
6,3,,,,,,,,,,,,,,,,,,,,TOTAL_VEHICLES,1,0,0,,,,5.5,5
6,3,0,59047.1,59830,0.0130859,0,59047.1,59972.1,0.0154244,6,0,0,0,49,1081,0,0,46,367,,,,,,,,,,
6,3,1,59047.1,59687.9,0.0107363,1,59047.1,59687.9,0.0107363,0,0,0,0,49,1098,17,0,51,241,,,,,,,,,,
6,3,2,59687.9,59687.9,0,0,59047.1,59687.9,0.0107363,0,0,0,0,49,1098,0,0,44,188,,,,,,,,,,
6,4,,,,,,,,,,,,,,,,,,,,TOTAL_VEHICLES,1,0,0,,,,5.5,6
6,4,0,59047.1,59573.6,0.00883887,1,59047.1,59573.6,0.00883887,2,0,0,0,49,1098,0,0,44,188,,,,,,,,,,
6,4,1,59573.6,59573.6,0,0,59047.1,59573.6,0.00883887,0,0,0,0,49,1098,0,0,46,196,,,,,,,,,,
7,1,0,-1.79769e+308,620000,2.89951e+302,1,-1.79769e+308,620000,2.89951e+302,0,0,0,0,45,41,0,0,0,0,,,,,,,,,,
7,1,1,-313924,128954,3.4344,0,-313924,620000,1.50633,0,0,0,0,45,146,105,0,38,127,,,,,,,,,,
7,1,2,-313924,94607.8,4.31817,0,-313924,620000,1.50633,0,0,0,0,45,228,82,0,49,246,,,,,,,,,,
7,1,3,-313924,55196.3,6.68742,1,-313924,55196.3,6.68742,0,0,0,0,45,421,193,0,56,288,,,,,,,,,,
7,1,4,-165548,55196.3,3.99926,0,-165548,55196.3,3.99926,0,0,0,0,45,504,83,0,55,277,,,,,,,,,,
7,1,5,51216.3,55196.3,0.0721069,0,51216.3,55196.3,0.0721069,0,0,0,0,45,536,32,0,42,238,,,,,,,,,,
7,1,6,54036.8,54904.5,0.0158034,1,54036.8,54904.5,0.0158034,0,0,0,0,45,571,35,0,43,241,,,,,,,,,,
7,1,7,54904.5,54904.5,0,0,54904.5,54904.5,0,0,0,0,0,45,571,0,0,39,182,,,,,,,,,,
8,1,0,-1.79769e+308,700000,2.56813e+302,1,-1.79769e+308,700000,2.56813e+302,0,0,0,0,49,45,0,0,0,0,,,,,,,,,,
8,1,1,-276497,210221,2.31527,0,-276497,700000,1.395,0,0,0,0,49,165,120,0,42,152,,,,,,,,,,
8,1,2,-276497,63462.8,5.35684,1,-276497,63462.8,5.35684,0,0,0,0,49,252,87,0,44,240,,,,,,,,,,
8,1,3,-163414,59660.2,3.73907,0,-163414,63462.8,3.57495,0,0,0,0,49,355,103,0,54,304,,,,,,,,,,
8,1,4,-161178,59293.7,3.71831,0,-161178,63462.8,3.53973,0,0,0,0,49,420,65,0,50,302,,,,,,,,,,
8,1,5,-158532,58339.7,3.7174,0,-158532,63462.8,3.49804,0,0,0,0,49,467,47,0,49,331,,,,,,,,,,
8,1,6,54345.3,57697.3,0.058096,1,54345.3,57697.3,0.058096,0,0,0,0,49,537,70,0,65,383,,,,,,,,,,
8,1,7,56156.6,57697.3,0.0267035,0,56156.6,57697.3,0.0267035,0,0,0,0,49,546,9,0,53,287,,,,,,,,,,
8,1,8,57413.1,57697.3,0.00492584,0,57413.1,57697.3,0.00492584,0,0,0,0,49,551,5,0,60,341,,,,,,,,,,
8,1,9,57697.3,57697.3,0,0,57697.3,57697.3,2.78693e-14,0,0,0,0,49,551,0,0,53,296,,,,,,,,,,
9,1,0,-1.79769e+308,720000,2.4968e+302,1,-1.79769e+308,720000,2.4968e+302,0,0,0,0,49,46,0,0,0,0,,,,,,,,,,
9,1,1,-296603,225558,2.31498,0,-296603,720000,1.41195,0,0,0,0,49,142,96,0,39,129,,,,,,,,,,
9,1,2,-296603,67939,5.36573,0,-296603,720000,1.41195,0,0,0,0,49,247,105,0,42,181,,,,,,,,,,
9,1,3,-293260,39945.8,8.34146,0,-293260,720000,1.40731,1,0,0,0,49,349,102,0,45,227,,,,,,,,,,
9,1,4,-293260,39474.5,8.4291,0,-293260,720000,1.40731,0,0,0,0,49,451,102,0,52,276,,,,,,,,,,
9,1,5,-172067,39281.9,5.3803,0,-172067,720000,1.23898,0,0,0,0,49,517,66,0,52,294,,,,,,,,,,
9,1,6,-172067,39269.2,5.38172,0,-172067,720000,1.23898,0,0,0,0,49,608,91,0,55,319,,,,,,,,,,
9,1,7,-172067,39261.6,5.38257,0,-172067,720000,1.23898,0,0,0,0,49,668,60,0,51,304,,,,,,,,,,
9,1,8,-172067,39112.8,5.39924,0,-172067,720000,1.23898,0,0,0,0,49,732,64,0,55,327,,,,,,,,,,
9,1,9,-172067,39112.8,5.39924,0,-172067,720000,1.23898,0,0,0,0,49,784,52,0,56,300,,,,,,,,,,
9,1,10,36496.9,38974.8,0.0635778,0,36496.9,720000,0.94931,0,0,0,0,49,790,6,0,48,238,,,,,,,,,,
9,1,11,38700.1,38974.8,0.00704801,0,38700.1,720000,0.94625,0,0,0,0,49,796,6,0,46,233,,,,,,,,,,
9,1,12,38700.8,38974.8,0.00703158,0,38700.8,720000,0.946249,0,0,0,0,49,797,1,0,46,219,,,,,,,,,,
9,1,13,38700.8,38974.8,0.00703158,0,38700.8,720000,0.946249,0,0,0,0,49,800,3,0,45,218,,,,,,,,,,
9,1,14,38974.8,38974.8,0,0,38974.8,720000,0.945868,0,0,0,0,49,800,0,0,45,218,,,,,,,,,,
9,1,,,,,,,,,,,,,,,,,,,,Trunc. CG,4294967295,0,0,,,,1.79769e+308,1.79769e+308
9,2,,,,,,,,,,,,,,,,,,,,VEHICLE_TRIP,1,0,0,,,,0.6,1
9,2,4294967295,-1.79769e+308,1.79769e+308,inf,0,0,1.79769e+308,1,0,0,0,0,0,0,0,0,0,0,,,,,,,,,,
9,2,0,38974.8,39558.7,0.0147591,1,38974.8,39558.7,0.0147591,1,0,0,0,49,800,0,0,45,218,,,,,,,,,,
9,2,1,38974.8,39425.6,0.0114333,0,38974.8,39558.7,0.0147591,0,0,0,0,49,807,7,0,48,280,,,,,,,,,,
9,2,2,38974.8,39306.8,0.00844702,0,38974.8,39558.7,0.0147591,0,0,0,0,49,816,9,0,47,247,,,,,,,,,,
9,2,3,39246.8,39306.8,0.00152645,0,38974.8,39558.7,0.0147591,0,0,0,0,49,822,6,0,58,362,,,,,,,,,,
9,3,,,,,,,,,,,,,,,,,,,,VEHICLE_CHARGING_BEFORE,2,0,0,,,,0.8,1
9,3,,,,,,,,,,,,,,,,,,,,VEHICLE_TRIP,2,0,0,,,,0.8,1
9,3,,,,,,,,,,,,,,,,,,,,VEHICLE_TRIP,2,0,0,,,,0.8,1
9,3,,,,,,,,,,,,,,,,,,,,VEHICLE_TRIP,2,0,0,,,,0.8,1
9,3,,,,,,,,,,,,,,,,,,,,VEHICLE_TRIP,2,0,0,,,,0.8,1
9,3,,,,,,,,,,,,,,,,,,,,VEHICLE_TRIP,2,0,0,,,,0.8,1
9,3,,,,,,,,,,,,,,,,,,,,VEHICLE_TRIP,2,0,0,,,,0.8,1
9,3,,,,,,,,,,,,,,,,,,,,VEHICLE_CHARGING_BEFORE,2,0,0,,,,0.8,1
9,3,,,,,,,,,,,,,,,,,,,,VEHICLE_TRIP,2,0,0,,,,0.8,1
9,3,,,,,,,,,,,,,,,,,,,,VEHICLE_CHARGING_BEFORE,2,0,0,,,,0.8,1
9,3,,,,,,,,,,,,,,,,,,,,VEHICLE_TRIP,2,0,0,,,,0.8,1
9,3,,,,,,,,,,,,,,,,,,,,VEHICLE_CHARGING_BEFORE,2,0,0,,,,0.8,1
9,3,,,,,,,,,,,,,,,,,,,,VEHICLE_CHARGING_BEFORE,2,0,0,,,,0.8,1
9,3,,,,,,,,,,,,,,,,,,,,VEHICLE_TRIP,2,0,0,,,,0.8,1
9,3,,,,,,,,,,,,,,,,,,,,VEHICLE_TRIP,2,0,0,,,,0.8,1
9,3,,,,,,,,,,,,,,,,,,,,VEHICLE_TRIP,2,0,0,,,,0.8,1
9,3,,,,,,,,,,,,,,,,,,,,VEHICLE_CHARGING_BEFORE,2,0,0,,,,0.8,1
9,3,,,,,,,,,,,,,,,,,,,,VEHICLE_TRIP,2,0,0,,,,0.8,1
9,3,,,,,,,,,,,,,,,,,,,,VEHICLE_CHARGING_BEFORE,2,0,0,,,,0.8,1
9,3,,,,,,,,,,,,,,,,,,,,VEHICLE_TRIP,2,0,0,,,,0.8,1
9,3,,,,,,,,,,,,,,,,,,,,VEHICLE_CHARGING_AFTER,2,0,0,,,,0.8,1
9,3,,,,,,,,,,,,,,,,,,,,VEHICLE_CHARGING_AFTER,2,0,0,,,,0.8,1
9,3,,,,,,,,,,,,,,,,,,,,VEHICLE_CHARGING_AFTER,2,0,0,,,,0.8,1
9,3,,,,,,,,,,,,,,,,,,,,VEHICLE_MAINTENANCE,2,0,0,,,,0.8,1
9,3,,,,,,,,,,,,,,,,,,,,VEHICLE_CHARGING_AFTER,2,0,0,,,,0.8,1
9,3,,,,,,,,,,,,,,,,,,,,VEHICLE_CHARGING_AFTER,2,0,0,,,,0.8,1
9,3,,,,,,,,,,,,,,,,,,,,VEHICLE_CHARGING_AFTER,2,0,0,,,,0.8,1
9,3,,,,,,,,,,,,,,,,,,,,VEHICLE_CHARGING_AFTER,2,0,0,,,,0.8,1
9,3,,,,,,,,,,,,,,,,,,,,VEHICLE_CHARGING_AFTER,2,0,0,,,,0.8,1
9,3,,,,,,,,,,,,,,,,,,,,VEHICLE_CHARGING_AFTER,2,0,0,,,,0.8,1
9,3,,,,,,,,,,,,,,,,,,,,VEHICLE_CHARGING_AFTER,2,0,0,,,,0.8,1
9,3,,,,,,,,,,,,,,,,,,,,VEHICLE_CHARGING_AFTER,2,0,0,,,,0.8,1
9,3,,,,,,,,,,,,,,,,,,,,VEHICLE_TRIP,2,0,0,,,,0.8,1
9,3,,,,,,,,,,,,,,,,,,,,VEHICLE_CHARGING_BEFORE,2,0,0,,,,0.8,1
9,3,,,,,,,,,,,,,,,,,,,,VEHICLE_TRIP,2,0,0,,,,0.8,1
9,3,,,,,,,,,,,,,,,,,,,,VEHICLE_TRIP,2,0,0,,,,0.8,1
9,3,,,,,,,,,,,,,,,,,,,,VEHICLE_TRIP,2,0,0,,,,0.8,1
9,3,,,,,,,,,,,,,,,,,,,,VEHICLE_TRIP,2,0,0,,,,0.8,1
9,3,,,,,,,,,,,,,,,,,,,,VEHICLE_CHARGING_BEFORE,2,0,0,,,,0.8,1
9,3,,,,,,,,,,,,,,,,,,,,VEHICLE_TRIP,2,0,0,,,,0.8,1
9,3,,,,,,,,,,,,,,,,,,,,VEHICLE_CHARGING_BEFORE,2,0,0,,,,0.8,1
9,3,,,,,,,,,,,,,,,,,,,,VEHICLE_CHARGING_BEFORE,2,0,0,,,,0.8,1
9,3,,,,,,,,,,,,,,,,,,,,VEHICLE_TRIP,2,0,0,,,,0.8,1
9,3,4294967295,-1.79769e+308,1.79769e+308,inf,0,0,1.79769e+308,1,0,0,0,0,0,0,0,0,0,0,,,,,,,,,,
9,3,0,39246.8,39558.7,0.00788258,0,38974.8,39558.7,0.0147591,0,0,0,0,49,822,0,0,58,362,,,,,,,,,,
9,3,1,39558.7,39558.7,0,0,38974.8,39558.7,0.0147591,0,0,0,0,49,822,0,0,34,137,,,,,,,,,,
9,1,,,,,,,,,,,,,,,,,,,,Branch-and-Price (Depth-First),4294967295,0,0,,,,1.79769e+308,1.79769e+308
9,3,,,,,,,,,,,,,,,,,,,,TOTAL_VEHICLES,1,0,0,,,,5.4,5
9,3,0,38974.8,39558.7,0.0147591,0,38974.8,39558.7,0.0147591,0,0,0,0,49,822,0,0,34,137,,,,,,,,,,
9,3,1,39266.8,39558.7,0.0073776,0,38974.8,39558.7,0.0147591,0,0,0,0,49,823,1,0,45,215,,,,,,,,,,
9,3,2,39558.7,39558.7,0,0,38974.8,39558.7,0.0147591,0,0,0,0,49,823,0,0,44,198,,,,,,,,,,
9,4,,,,,,,,,,,,,,,,,,,,TOTAL_VEHICLES,1,0,0,,,,5.4,6
9,4,0,38974.8,40384.5,0.0349072,0,38974.8,39558.7,0.0147591,2,0,0,0,49,823,0,0,44,198,,,,,,,,,,
9,4,1,40384.5,40384.5,0,0,38974.8,39558.7,0.0147591,0,0,0,0,49,823,0,0,41,156,,,,,,,,,,
10,1,0,-1.79769e+308,700000,2.56813e+302,1,-1.79769e+308,700000,2.56813e+302,0,0,0,0,49,45,0,0,0,0,,,,,,,,,,
10,1,1,-308588,99698.3,4.09522,0,-308588,700000,1.44084,0,0,0,0,49,172,127,0,38,145,,,,,,,,,,
10,1,2,-308588,98154.8,4.14389,0,-308588,700000,1.44084,0,0,0,0,49,325,153,0,45,250,,,,,,,,,,
10,1,3,-141901,61319,3.31414,1,-141901,61319,3.31414,0,0,0,0,49,443,118,0,52,325,,,,,,,,,,
10,1,4,-141901,59125.8,3.39999,0,-141901,61319,3.31414,0,0,0,0,49,596,153,0,55,307,,,,,,,,,,
10,1,5,53994,58239.4,0.0728965,0,53994,61319,0.119458,0,0,0,0,49,666,70,0,50,235,,,,,,,,,,
10,1,6,57285.3,58087.2,0.013805,0,57285.3,61319,0.0657828,0,0,0,0,49,681,15,0,49,230,,,,,,,,,,
10,1,7,58087.2,58087.2,0,0,58087.2,61319,0.0527054,0,0,0,0,49,681,0,0,42,154,,,,,,,,,,
10,1,,,,,,,,,,,,,,,,,,,,Trunc. CG,4294967295,0,0,,,,1.79769e+308,1.79769e+308
10,2,,,,,,,,,,,,,,,,,,,,VEHICLE_CHARGING_BEFORE,1,0,0,,,,0.75,1
10,2,4294967295,-1.79769e+308,1.79769e+308,inf,0,0,1.79769e+308,1,0,0,0,0,0,0,0,0,0,0,,,,,,,,,,
10,2,0,58087.2,58158.3,0.0012217,0,58087.2,61319,0.0527054,0,0,0,0,49,681,0,0,42,154,,,,,,,,,,
10,2,1,58158.3,58158.3,0,0,58087.2,61319,0.0527054,0,0,0,0,49,681,0,0,42,153,,,,,,,,,,
10,3,,,,,,,,,,,,,,,,,,,,VEHICLE_CHARGING_AFTER,2,0,0,,,,0.75,1
10,3,4294967295,-1.79769e+308,1.79769e+308,inf,0,0,1.79769e+308,1,0,0,0,0,0,0,0,0,0,0,,,,,,,,,,
10,3,0,58158.3,58344.3,0.0031889,0,58087.2,61319,0.0527054,0,0,0,0,49,681,0,0,42,153,,,,,,,,,,
10,3,1,58158.3,58158.3,0,0,58087.2,61319,0.0527054,0,0,0,0,49,688,7,0,42,186,,,,,,,,,,
10,4,,,,,,,,,,,,,,,,,,,,VEHICLE_TRIP,3,0,0,,,,0.5,1
10,4,4294967295,-1.79769e+308,1.79769e+308,inf,0,0,1.79769e+308,1,0,0,0,0,0,0,0,0,0,0,,,,,,,,,,
10,4,0,58158.3,59330.9,0.0197642,0,58087.2,61319,0.0527054,0,0,0,0,49,688,0,0,42,186,,,,,,,,,,
10,4,1,58158.3,58545.3,0.00661122,0,58087.2,61319,0.0527054,0,0,0,0,49,720,32,0,51,303,,,,,,,,,,
10,4,2,58545.3,58545.3,0,0,58087.2,61319,0.0527054,0,0,0,0,49,720,0,0,44,216,,,,,,,,,,
10,5,,,,,,,,,,,,,,,,,,,,VEHICLE_TRIP,4,0,0,,,,0.5,1
10,5,4294967295,-1.79769e+308,1.79769e+308,inf,0,0,1.79769e+308,1,0,0,0,0,0,0,0,0,0,0,,,,,,,,,,
10,5,0,58545.3,59076.9,0.00899783,0,58087.2,61319,0.0527054,0,0,0,0,49,720,0,0,44,216,,,,,,,,,,
10,5,1,58545.3,58788.8,0.00414255,0,58087.2,61319,0.0527054,0,0,0,0,49,731,11,0,47,272,,,,,,,,,,
10,6,,,,,,,,,,,,,,,,,,,,VEHICLE_TRIP,5,0,0,,,,0.5,1
10,6,4294967295,-1.79769e+308,1.79769e+308,inf,0,0,1.79769e+308,1,0,0,0,0,0,0,0,0,0,0,,,,,,,,,,
10,6,0,58545.3,59859.8,0.0219596,1,58087.2,59859.8,0.0296126,0,0,0,0,49,731,0,0,47,272,,,,,,,,,,
10,6,1,58723,59575.6,0.0143116,1,58087.2,59575.6,0.0249833,0,0,0,0,49,740,9,0,48,287,,,,,,,,,,
10,6,2,59575.6,59575.6,0,0,58087.2,59575.6,0.0249833,0,0,0,0,49,740,0,0,47,259,,,,,,,,,,
10,1,,,,,,,,,,,,,,,,,,,,Branch-and-Price (Depth-First),4294967295,0,0,,,,1.79769e+308,1.79769e+308
10,3,,,,,,,,,,,,,,,,,,,,TOTAL_VEHICLES,1,0,0,,,,5.25,5
10,3,0,58087.2,58257.3,0.00291946,0,58087.2,59575.6,0.0249833,2,0,0,0,49,740,0,0,47,259,,,,,,,,,,
10,3,1,58257.3,58257.3,0,0,58087.2,59575.6,0.0249833,0,0,0,0,49,740,0,0,42,154,,,,,,,,,,
10,4,,,,,,,,,,,,,,,,,,,,VEHICLE_TRIP,3,0,0,1,133,,0.5,1
10,4,0,58257.3,60263.6,0.0332917,0,58257.3,59575.6,0.0221285,0,0,0,0,49,740,0,0,42,154,,,,,,,,,,
10,4,1,58257.3,59388,0.0190397,1,58257.3,59388,0.0190397,0,0,0,0,49,811,71,0,53,268,,,,,,,,,,
10,4,2,59388,59388,0,0,58257.3,59388,0.0190397,0,0,0,0,49,811,0,0,41,163,,,,,,,,,,
10,5,,,,,,,,,,,,,,,,,,,,VEHICLE_TRIP,3,0,0,1,133,,0.5,0
10,5,0,58257.3,58403.2,0.00249856,0,58257.3,59388,0.0190397,2,0,0,0,49,811,0,0,41,163,,,,,,,,,,
10,5,1,58403.2,58403.2,0,0,58257.3,59388,0.0190397,0,0,0,0,49,811,0,0,44,167,,,,,,,,,,
10,6,,,,,,,,,,,,,,,,,,,,VEHICLE_TRIP,5,0,0,2,138,,0.5,1
10,6,0,58403.2,78154,0.252717,0,58403.2,59388,0.0165826,1,0,0,0,49,811,0,0,44,167,,,,,,,,,,
10,6,1,58403.2,60547.8,0.0354193,0,58403.2,59388,0.0165826,0,0,0,0,49,867,56,0,49,250,,,,,,,,,,
10,6,2,59395.7,60547.8,0.0190282,0,58403.2,59388,0.0165826,0,0,0,0,49,878,11,0,53,296,,,,,,,,,,
10,7,,,,,,,,,,,,,,,,,,,,VEHICLE_TRIP,5,0,0,2,138,,0.5,0
10,7,0,58403.2,58403.2,4.98326e-16,0,58403.2,59388,0.0165826,2,0,0,0,49,878,0,0,53,296,,,,,,,,,,
10,7,1,58403.2,58403.2,4.98326e-16,0,58403.2,59388,0.0165826,0,0,0,0,49,885,7,0,56,250,,,,,,,,,,
10,8,,,,,,,,,,,,,,,,,,,,VEHICLE_TRIP,7,0,0,2,133,,0.5,1
10,8,0,58403.2,59683.9,0.0214584,0,58403.2,59388,0.0165826,1,0,0,0,49,885,0,0,56,250,,,,,,,,,,
10,8,1,58403.2,58862.4,0.00780044,1,58403.2,58862.4,0.00780044,1,0,0,0,49,918,33,0,57,275,,,,,,,,,,
10,8,2,58669.1,58862.4,0.00328304,0,58403.2,58862.4,0.00780044,0,0,0,0,49,921,3,0,49,215,,,,,,,,,,
10,8,3,58862.4,58862.4,0,0,58403.2,58862.4,0.00780044,0,0,0,0,49,921,0,0,44,174,,,,,,,,,,
10,9,,,,,,,,,,,,,,,,,,,,VEHICLE_TRIP,7,0,0,2,133,,0.5,0
10,9,0,58403.2,61442.4,0.0494643,0,58403.2,58862.4,0.00780044,3,0,0,0,49,921,0,0,44,174,,,,,,,,,,
10,9,1,58403.2,61442.4,0.0494643,0,58403.2,58862.4,0.00780044,0,0,0,0,49,981,60,0,55,291,,,,,,,,,,
10,9,2,59585.4,61112.1,0.0249828,0,58403.2,58862.4,0.00780044,0,0,0,0,49,999,18,0,58,349,,,,,,,,,,
10,10,,,,,,,,,,,,,,,,,,,,TOTAL_VEHICLES,1,0,0,,,,5.25,6
10,10,0,58087.2,59575.6,0.0249833,0,58087.2,58862.4,0.013169,4,0,0,0,49,999,0,0,58,349,,,,,,,,,,
10,10,1,58087.2,59575.6,0.0249833,0,58087.2,58862.4,0.013169,0,0,0,0,49,1015,16,0,43,187,,,,,,,,,,
10,10,2,59575.6,59575.6,0,0,58087.2,58862.4,0.013169,0,0,0,0,49,1015,0,0,45,196,,,,,,,,,,
11,1,0,-1.79769e+308,460000,3.90803e+302,1,-1.79769e+308,460000,3.90803e+302,0,0,0,0,34,33,0,0,0,0,,,,,,,,,,
11,1,1,-201468,90395.5,3.22874,1,-201468,90395.5,3.22874,0,0,0,0,34,78,45,0,25,71,,,,,,,,,,
11,1,2,-201468,90395.5,3.22874,0,-201468,90395.5,3.22874,0,0,0,0,34,107,29,0,31,113,,,,,,,,,,
11,1,3,-201468,74462,3.70565,0,-201468,90395.5,3.22874,0,0,0,0,34,126,19,0,27,105,,,,,,,,,,
11,1,4,-138835,54404,3.55193,1,-138835,54404,3.55193,0,0,0,0,34,169,43,0,33,131,,,,,,,,,,
11,1,5,-57355.5,54404,2.05425,0,-57355.5,54404,2.05425,0,0,0,0,34,219,50,0,37,147,,,,,,,,,,
11,1,6,-23283.3,53443.7,1.43566,0,-23283.3,54404,1.42797,0,0,0,0,34,242,23,0,34,123,,,,,,,,,,
11,1,7,48968.6,52525.7,0.0677216,1,48968.6,52525.7,0.0677216,0,0,0,0,34,268,26,0,43,156,,,,,,,,,,
11,1,8,52525.7,52525.7,0,0,52525.7,52525.7,0,0,0,0,0,34,268,0,0,28,93,,,,,,,,,,
12,1,0,-1.79769e+308,300000,5.99231e+302,1,-1.79769e+308,300000,5.99231e+302,0,0,0,0,26,25,0,0,0,0,,,,,,,,,,
12,1,1,-167347,79895.4,3.09458,1,-167347,79895.4,3.09458,0,0,0,0,26,50,25,0,21,50,,,,,,,,,,
12,1,2,-152024,79895.4,2.90279,0,-152024,79895.4,2.90279,0,0,0,0,26,66,16,0,22,61,,,,,,,,,,
12,1,3,-135775,46538.2,3.91749,1,-135775,46538.2,3.91749,0,0,0,0,26,74,8,0,22,75,,,,,,,,,,
12,1,4,44787.1,46538.2,0.0376269,0,44787.1,46538.2,0.0376269,0,0,0,0,26,77,3,0,21,70,,,,,,,,,,
12,1,5,46538.2,46538.2,0,0,46538.2,46538.2,0,0,0,0,0,26,77,0,0,21,58,,,,,,,,,,
13,1,0,-1.79769e+308,180000,9.98718e+302,1,-1.79769e+308,180000,9.98718e+302,0,0,0,0,20,19,0,0,0,0,,,,,,,,,,
13,1,1,-55445.4,77098.5,1.71915,1,-55445.4,77098.5,1.71915,0,0,0,0,20,29,10,0,16,30,,,,,,,,,,
13,1,2,-55445.4,43741.3,2.26757,1,-55445.4,43741.3,2.26757,0,0,0,0,20,34,5,0,16,35,,,,,,,,,,
13,1,3,36583.8,43741.3,0.163634,0,36583.8,43741.3,0.163634,0,0,0,0,20,38,4,0,16,31,,,,,,,,,,
13,1,4,43741.3,43741.3,0,0,43741.3,43741.3,0,0,0,0,0,20,38,0,0,16,30,,,,,,,,,,
