Id,StartTime,EndTime,StartLocationID,EndLocationID
0,2024-04-30 07:09:00+00:00,2024-04-30 08:44:00+00:00,0,3
1,2024-04-30 08:59:00+00:00,2024-04-30 10:34:00+00:00,3,0
2,2024-04-30 09:24:00+00:00,2024-04-30 10:59:00+00:00,0,3
3,2024-04-30 11:14:00+00:00,2024-04-30 12:49:00+00:00,3,0
4,2024-04-30 11:39:00+00:00,2024-04-30 13:14:00+00:00,0,3
5,2024-04-30 13:29:00+00:00,2024-04-30 15:04:00+00:00,3,0
6,2024-04-30 13:54:00+00:00,2024-04-30 15:29:00+00:00,0,3
7,2024-04-30 15:44:00+00:00,2024-04-30 17:19:00+00:00,3,0
8,2024-04-30 16:09:00+00:00,2024-04-30 17:44:00+00:00,0,3
9,2024-04-30 17:59:00+00:00,2024-04-30 19:34:00+00:00,3,0
10,2024-04-30 18:24:00+00:00,2024-04-30 19:59:00+00:00,0,3
11,2024-04-30 20:14:00+00:00,2024-04-30 21:49:00+00:00,3,0
12,2024-04-30 20:39:00+00:00,2024-04-30 22:14:00+00:00,0,3
13,2024-04-30 22:29:00+00:00,2024-05-01 00:04:00+00:00,3,0
14,2024-04-30 22:54:00+00:00,2024-05-01 00:29:00+00:00,0,3
15,2024-05-01 00:44:00+00:00,2024-05-01 02:19:00+00:00,3,0
16,2024-05-01 01:09:00+00:00,2024-05-01 02:44:00+00:00,0,3
17,2024-05-01 02:59:00+00:00,2024-05-01 04:34:00+00:00,3,0
18,2024-05-01 04:09:00+00:00,2024-05-01 05:44:00+00:00,0,3
19,2024-05-01 05:59:00+00:00,2024-05-01 07:34:00+00:00,3,0
20,2024-05-01 07:09:00+00:00,2024-05-01 08:44:00+00:00,0,3
21,2024-05-01 08:59:00+00:00,2024-05-01 10:34:00+00:00,3,0
22,2024-05-01 09:24:00+00:00,2024-05-01 10:59:00+00:00,0,3
23,2024-05-01 11:14:00+00:00,2024-05-01 12:49:00+00:00,3,0
24,2024-05-01 11:39:00+00:00,2024-05-01 13:14:00+00:00,0,3
25,2024-05-01 13:29:00+00:00,2024-05-01 15:04:00+00:00,3,0
26,2024-05-01 13:54:00+00:00,2024-05-01 15:29:00+00:00,0,3
27,2024-05-01 15:44:00+00:00,2024-05-01 17:19:00+00:00,3,0
28,2024-05-01 16:09:00+00:00,2024-05-01 17:44:00+00:00,0,3
29,2024-05-01 17:59:00+00:00,2024-05-01 19:34:00+00:00,3,0
30,2024-05-01 18:24:00+00:00,2024-05-01 19:59:00+00:00,0,3
31,2024-05-01 20:14:00+00:00,2024-05-01 21:49:00+00:00,3,0
32,2024-05-01 20:39:00+00:00,2024-05-01 22:14:00+00:00,0,3
33,2024-05-01 22:29:00+00:00,2024-05-02 00:04:00+00:00,3,0
34,2024-05-01 22:54:00+00:00,2024-05-02 00:29:00+00:00,0,3
35,2024-05-02 00:44:00+00:00,2024-05-02 02:19:00+00:00,3,0
36,2024-05-02 01:09:00+00:00,2024-05-02 02:44:00+00:00,0,3
37,2024-05-02 02:59:00+00:00,2024-05-02 04:34:00+00:00,3,0
38,2024-05-02 04:09:00+00:00,2024-05-02 05:44:00+00:00,0,3
39,2024-05-02 05:59:00+00:00,2024-05-02 07:34:00+00:00,3,0
40,2024-05-02 07:09:00+00:00,2024-05-02 08:44:00+00:00,0,3
41,2024-05-02 08:59:00+00:00,2024-05-02 10:34:00+00:00,3,0
42,2024-05-02 09:24:00+00:00,2024-05-02 10:59:00+00:00,0,3
43,2024-05-02 11:14:00+00:00,2024-05-02 12:49:00+00:00,3,0
44,2024-05-02 11:39:00+00:00,2024-05-02 13:14:00+00:00,0,3
45,2024-05-02 13:29:00+00:00,2024-05-02 15:04:00+00:00,3,0
46,2024-05-02 13:54:00+00:00,2024-05-02 15:29:00+00:00,0,3
47,2024-05-02 15:44:00+00:00,2024-05-02 17:19:00+00:00,3,0
48,2024-05-02 16:09:00+00:00,2024-05-02 17:44:00+00:00,0,3
49,2024-05-02 17:59:00+00:00,2024-05-02 19:34:00+00:00,3,0
50,2024-05-02 18:24:00+00:00,2024-05-02 19:59:00+00:00,0,3
51,2024-05-02 20:14:00+00:00,2024-05-02 21:49:00+00:00,3,0
52,2024-05-02 20:39:00+00:00,2024-05-02 22:14:00+00:00,0,3
53,2024-05-02 22:29:00+00:00,2024-05-03 00:04:00+00:00,3,0
54,2024-05-02 22:54:00+00:00,2024-05-03 00:29:00+00:00,0,3
55,2024-05-03 00:44:00+00:00,2024-05-03 02:19:00+00:00,3,0
56,2024-05-03 01:09:00+00:00,2024-05-03 02:44:00+00:00,0,3
57,2024-05-03 02:59:00+00:00,2024-05-03 04:34:00+00:00,3,0
58,2024-05-03 04:09:00+00:00,2024-05-03 05:44:00+00:00,0,3
59,2024-05-03 05:59:00+00:00,2024-05-03 07:34:00+00:00,3,0
60,2024-05-03 07:09:00+00:00,2024-05-03 08:44:00+00:00,0,3
61,2024-05-03 08:59:00+00:00,2024-05-03 10:34:00+00:00,3,0
62,2024-05-03 09:24:00+00:00,2024-05-03 10:59:00+00:00,0,3
63,2024-05-03 11:14:00+00:00,2024-05-03 12:49:00+00:00,3,0
64,2024-05-03 11:39:00+00:00,2024-05-03 13:14:00+00:00,0,3
65,2024-05-03 13:29:00+00:00,2024-05-03 15:04:00+00:00,3,0
66,2024-05-03 13:54:00+00:00,2024-05-03 15:29:00+00:00,0,3
67,2024-05-03 15:44:00+00:00,2024-05-03 17:19:00+00:00,3,0
68,2024-05-03 16:09:00+00:00,2024-05-03 17:44:00+00:00,0,3
69,2024-05-03 17:59:00+00:00,2024-05-03 19:34:00+00:00,3,0
70,2024-05-03 18:24:00+00:00,2024-05-03 19:59:00+00:00,0,3
71,2024-05-03 20:14:00+00:00,2024-05-03 21:49:00+00:00,3,0
72,2024-05-03 20:39:00+00:00,2024-05-03 22:14:00+00:00,0,3
73,2024-05-03 22:29:00+00:00,2024-05-04 00:04:00+00:00,3,0
74,2024-05-03 22:54:00+00:00,2024-05-04 00:29:00+00:00,0,3
75,2024-05-04 00:44:00+00:00,2024-05-04 02:19:00+00:00,3,0
76,2024-05-04 01:09:00+00:00,2024-05-04 02:44:00+00:00,0,3
77,2024-05-04 02:59:00+00:00,2024-05-04 04:34:00+00:00,3,0
78,2024-05-04 04:09:00+00:00,2024-05-04 05:44:00+00:00,0,3
79,2024-05-04 05:59:00+00:00,2024-05-04 07:34:00+00:00,3,0
80,2024-05-04 07:09:00+00:00,2024-05-04 08:44:00+00:00,0,3
81,2024-05-04 08:59:00+00:00,2024-05-04 10:34:00+00:00,3,0
82,2024-05-04 09:24:00+00:00,2024-05-04 10:59:00+00:00,0,3
83,2024-05-04 11:14:00+00:00,2024-05-04 12:49:00+00:00,3,0
84,2024-05-04 11:39:00+00:00,2024-05-04 13:14:00+00:00,0,3
85,2024-05-04 13:29:00+00:00,2024-05-04 15:04:00+00:00,3,0
86,2024-05-04 13:54:00+00:00,2024-05-04 15:29:00+00:00,0,3
87,2024-05-04 15:44:00+00:00,2024-05-04 17:19:00+00:00,3,0
88,2024-05-04 16:09:00+00:00,2024-05-04 17:44:00+00:00,0,3
89,2024-05-04 17:59:00+00:00,2024-05-04 19:34:00+00:00,3,0
90,2024-05-04 18:24:00+00:00,2024-05-04 19:59:00+00:00,0,3
91,2024-05-04 20:14:00+00:00,2024-05-04 21:49:00+00:00,3,0
92,2024-05-04 20:39:00+00:00,2024-05-04 22:14:00+00:00,0,3
93,2024-05-04 22:29:00+00:00,2024-05-05 00:04:00+00:00,3,0
94,2024-05-04 22:54:00+00:00,2024-05-05 00:29:00+00:00,0,3
95,2024-05-05 00:44:00+00:00,2024-05-05 02:19:00+00:00,3,0
96,2024-05-05 01:09:00+00:00,2024-05-05 02:44:00+00:00,0,3
97,2024-05-05 02:59:00+00:00,2024-05-05 04:34:00+00:00,3,0
98,2024-05-05 04:09:00+00:00,2024-05-05 05:44:00+00:00,0,3
99,2024-05-05 05:59:00+00:00,2024-05-05 07:34:00+00:00,3,0
100,2024-05-05 07:09:00+00:00,2024-05-05 08:44:00+00:00,0,3
101,2024-05-05 08:59:00+00:00,2024-05-05 10:34:00+00:00,3,0
102,2024-05-05 09:24:00+00:00,2024-05-05 10:59:00+00:00,0,3
103,2024-05-05 11:14:00+00:00,2024-05-05 12:49:00+00:00,3,0
104,2024-05-05 11:39:00+00:00,2024-05-05 13:14:00+00:00,0,3
105,2024-05-05 13:29:00+00:00,2024-05-05 15:04:00+00:00,3,0
106,2024-05-05 13:54:00+00:00,2024-05-05 15:29:00+00:00,0,3
107,2024-05-05 15:44:00+00:00,2024-05-05 17:19:00+00:00,3,0
108,2024-05-05 16:09:00+00:00,2024-05-05 17:44:00+00:00,0,3
109,2024-05-05 17:59:00+00:00,2024-05-05 19:34:00+00:00,3,0
110,2024-05-05 18:24:00+00:00,2024-05-05 19:59:00+00:00,0,3
111,2024-05-05 20:14:00+00:00,2024-05-05 21:49:00+00:00,3,0
112,2024-05-05 20:39:00+00:00,2024-05-05 22:14:00+00:00,0,3
113,2024-05-05 22:29:00+00:00,2024-05-06 00:04:00+00:00,3,0
114,2024-05-05 22:54:00+00:00,2024-05-06 00:29:00+00:00,0,3
115,2024-05-06 00:44:00+00:00,2024-05-06 02:19:00+00:00,3,0
116,2024-05-06 01:09:00+00:00,2024-05-06 02:44:00+00:00,0,3
117,2024-05-06 02:59:00+00:00,2024-05-06 04:34:00+00:00,3,0
118,2024-05-06 04:09:00+00:00,2024-05-06 05:44:00+00:00,0,3
119,2024-05-06 05:59:00+00:00,2024-05-06 07:34:00+00:00,3,0
120,2024-05-06 07:09:00+00:00,2024-05-06 08:44:00+00:00,0,3
121,2024-05-06 08:59:00+00:00,2024-05-06 10:34:00+00:00,3,0
122,2024-05-06 09:24:00+00:00,2024-05-06 10:59:00+00:00,0,3
123,2024-05-06 11:14:00+00:00,2024-05-06 12:49:00+00:00,3,0
124,2024-05-06 11:39:00+00:00,2024-05-06 13:14:00+00:00,0,3
125,2024-05-06 13:29:00+00:00,2024-05-06 15:04:00+00:00,3,0
126,2024-05-06 13:54:00+00:00,2024-05-06 15:29:00+00:00,0,3
127,2024-05-06 15:44:00+00:00,2024-05-06 17:19:00+00:00,3,0
128,2024-05-06 16:09:00+00:00,2024-05-06 17:44:00+00:00,0,3
129,2024-05-06 17:59:00+00:00,2024-05-06 19:34:00+00:00,3,0
130,2024-05-06 18:24:00+00:00,2024-05-06 19:59:00+00:00,0,3
131,2024-05-06 20:14:00+00:00,2024-05-06 21:49:00+00:00,3,0
132,2024-05-06 20:39:00+00:00,2024-05-06 22:14:00+00:00,0,3
133,2024-05-06 22:29:00+00:00,2024-05-07 00:04:00+00:00,3,0
134,2024-05-06 22:54:00+00:00,2024-05-07 00:29:00+00:00,0,3
135,2024-05-07 00:44:00+00:00,2024-05-07 02:19:00+00:00,3,0
136,2024-05-07 01:09:00+00:00,2024-05-07 02:44:00+00:00,0,3
137,2024-05-07 02:59:00+00:00,2024-05-07 04:34:00+00:00,3,0
138,2024-05-07 04:09:00+00:00,2024-05-07 05:44:00+00:00,0,3
139,2024-05-07 05:59:00+00:00,2024-05-07 07:34:00+00:00,3,0
140,2024-05-07 07:09:00+00:00,2024-05-07 08:44:00+00:00,0,3
141,2024-05-07 08:59:00+00:00,2024-05-07 10:34:00+00:00,3,0
142,2024-05-07 09:24:00+00:00,2024-05-07 10:59:00+00:00,0,3
143,2024-05-07 11:14:00+00:00,2024-05-07 12:49:00+00:00,3,0
144,2024-05-07 11:39:00+00:00,2024-05-07 13:14:00+00:00,0,3
145,2024-05-07 13:29:00+00:00,2024-05-07 15:04:00+00:00,3,0
146,2024-05-07 13:54:00+00:00,2024-05-07 15:29:00+00:00,0,3
147,2024-05-07 15:44:00+00:00,2024-05-07 17:19:00+00:00,3,0
148,2024-05-07 16:09:00+00:00,2024-05-07 17:44:00+00:00,0,3
149,2024-05-07 17:59:00+00:00,2024-05-07 19:34:00+00:00,3,0
150,2024-05-07 18:24:00+00:00,2024-05-07 19:59:00+00:00,0,3
151,2024-05-07 20:14:00+00:00,2024-05-07 21:49:00+00:00,3,0
152,2024-05-07 20:39:00+00:00,2024-05-07 22:14:00+00:00,0,3
153,2024-05-07 22:29:00+00:00,2024-05-08 00:04:00+00:00,3,0
154,2024-05-07 22:54:00+00:00,2024-05-08 00:29:00+00:00,0,3
155,2024-05-08 00:44:00+00:00,2024-05-08 02:19:00+00:00,3,0
156,2024-05-08 01:09:00+00:00,2024-05-08 02:44:00+00:00,0,3
157,2024-05-08 02:59:00+00:00,2024-05-08 04:34:00+00:00,3,0
158,2024-05-08 04:09:00+00:00,2024-05-08 05:44:00+00:00,0,3
159,2024-05-08 05:59:00+00:00,2024-05-08 07:34:00+00:00,3,0
160,2024-05-08 07:09:00+00:00,2024-05-08 08:44:00+00:00,0,3
161,2024-05-08 08:59:00+00:00,2024-05-08 10:34:00+00:00,3,0
162,2024-05-08 09:24:00+00:00,2024-05-08 10:59:00+00:00,0,3
163,2024-05-08 11:14:00+00:00,2024-05-08 12:49:00+00:00,3,0
164,2024-05-08 11:39:00+00:00,2024-05-08 13:14:00+00:00,0,3
165,2024-05-08 13:29:00+00:00,2024-05-08 15:04:00+00:00,3,0
166,2024-05-08 13:54:00+00:00,2024-05-08 15:29:00+00:00,0,3
167,2024-05-08 15:44:00+00:00,2024-05-08 17:19:00+00:00,3,0
168,2024-05-08 16:09:00+00:00,2024-05-08 17:44:00+00:00,0,3
169,2024-05-08 17:59:00+00:00,2024-05-08 19:34:00+00:00,3,0
170,2024-05-08 18:24:00+00:00,2024-05-08 19:59:00+00:00,0,3
171,2024-05-08 20:14:00+00:00,2024-05-08 21:49:00+00:00,3,0
172,2024-05-08 20:39:00+00:00,2024-05-08 22:14:00+00:00,0,3
173,2024-05-08 22:29:00+00:00,2024-05-09 00:04:00+00:00,3,0
174,2024-05-08 22:54:00+00:00,2024-05-09 00:29:00+00:00,0,3
175,2024-05-09 00:44:00+00:00,2024-05-09 02:19:00+00:00,3,0
176,2024-05-09 01:09:00+00:00,2024-05-09 02:44:00+00:00,0,3
177,2024-05-09 02:59:00+00:00,2024-05-09 04:34:00+00:00,3,0
178,2024-05-09 04:09:00+00:00,2024-05-09 05:44:00+00:00,0,3
179,2024-05-09 05:59:00+00:00,2024-05-09 07:34:00+00:00,3,0
180,2024-05-09 07:09:00+00:00,2024-05-09 08:44:00+00:00,0,3
181,2024-05-09 08:59:00+00:00,2024-05-09 10:34:00+00:00,3,0
182,2024-05-09 09:24:00+00:00,2024-05-09 10:59:00+00:00,0,3
183,2024-05-09 11:14:00+00:00,2024-05-09 12:49:00+00:00,3,0
184,2024-05-09 11:39:00+00:00,2024-05-09 13:14:00+00:00,0,3
185,2024-05-09 13:29:00+00:00,2024-05-09 15:04:00+00:00,3,0
186,2024-05-09 13:54:00+00:00,2024-05-09 15:29:00+00:00,0,3
187,2024-05-09 15:44:00+00:00,2024-05-09 17:19:00+00:00,3,0
188,2024-05-09 16:09:00+00:00,2024-05-09 17:44:00+00:00,0,3
189,2024-05-09 17:59:00+00:00,2024-05-09 19:34:00+00:00,3,0
190,2024-05-09 18:24:00+00:00,2024-05-09 19:59:00+00:00,0,3
191,2024-05-09 20:14:00+00:00,2024-05-09 21:49:00+00:00,3,0
192,2024-05-09 20:39:00+00:00,2024-05-09 22:14:00+00:00,0,3
193,2024-05-09 22:29:00+00:00,2024-05-10 00:04:00+00:00,3,0
194,2024-05-09 22:54:00+00:00,2024-05-10 00:29:00+00:00,0,3
195,2024-05-10 00:44:00+00:00,2024-05-10 02:19:00+00:00,3,0
196,2024-05-10 01:09:00+00:00,2024-05-10 02:44:00+00:00,0,3
197,2024-05-10 02:59:00+00:00,2024-05-10 04:34:00+00:00,3,0
198,2024-05-10 04:09:00+00:00,2024-05-10 05:44:00+00:00,0,3
199,2024-05-10 05:59:00+00:00,2024-05-10 07:34:00+00:00,3,0
200,2024-05-10 07:09:00+00:00,2024-05-10 08:44:00+00:00,0,3
201,2024-05-10 08:59:00+00:00,2024-05-10 10:34:00+00:00,3,0
202,2024-05-10 09:24:00+00:00,2024-05-10 10:59:00+00:00,0,3
203,2024-05-10 11:14:00+00:00,2024-05-10 12:49:00+00:00,3,0
204,2024-05-10 11:39:00+00:00,2024-05-10 13:14:00+00:00,0,3
205,2024-05-10 13:29:00+00:00,2024-05-10 15:04:00+00:00,3,0
206,2024-05-10 13:54:00+00:00,2024-05-10 15:29:00+00:00,0,3
207,2024-05-10 15:44:00+00:00,2024-05-10 17:19:00+00:00,3,0
208,2024-05-10 16:09:00+00:00,2024-05-10 17:44:00+00:00,0,3
209,2024-05-10 17:59:00+00:00,2024-05-10 19:34:00+00:00,3,0
210,2024-05-10 18:24:00+00:00,2024-05-10 19:59:00+00:00,0,3
211,2024-05-10 20:14:00+00:00,2024-05-10 21:49:00+00:00,3,0
212,2024-05-10 20:39:00+00:00,2024-05-10 22:14:00+00:00,0,3
213,2024-05-10 22:29:00+00:00,2024-05-11 00:04:00+00:00,3,0
214,2024-05-10 22:54:00+00:00,2024-05-11 00:29:00+00:00,0,3
215,2024-05-11 00:44:00+00:00,2024-05-11 02:19:00+00:00,3,0
216,2024-05-11 01:09:00+00:00,2024-05-11 02:44:00+00:00,0,3
217,2024-05-11 02:59:00+00:00,2024-05-11 04:34:00+00:00,3,0
218,2024-05-11 04:09:00+00:00,2024-05-11 05:44:00+00:00,0,3
219,2024-05-11 05:59:00+00:00,2024-05-11 07:34:00+00:00,3,0
220,2024-05-11 07:09:00+00:00,2024-05-11 08:44:00+00:00,0,3
221,2024-05-11 08:59:00+00:00,2024-05-11 10:34:00+00:00,3,0
222,2024-05-11 09:24:00+00:00,2024-05-11 10:59:00+00:00,0,3
223,2024-05-11 11:14:00+00:00,2024-05-11 12:49:00+00:00,3,0
224,2024-05-11 11:39:00+00:00,2024-05-11 13:14:00+00:00,0,3
225,2024-05-11 13:29:00+00:00,2024-05-11 15:04:00+00:00,3,0
226,2024-05-11 13:54:00+00:00,2024-05-11 15:29:00+00:00,0,3
227,2024-05-11 15:44:00+00:00,2024-05-11 17:19:00+00:00,3,0
228,2024-05-11 16:09:00+00:00,2024-05-11 17:44:00+00:00,0,3
229,2024-05-11 17:59:00+00:00,2024-05-11 19:34:00+00:00,3,0
230,2024-05-11 18:24:00+00:00,2024-05-11 19:59:00+00:00,0,3
231,2024-05-11 20:14:00+00:00,2024-05-11 21:49:00+00:00,3,0
232,2024-05-11 20:39:00+00:00,2024-05-11 22:14:00+00:00,0,3
233,2024-05-11 22:29:00+00:00,2024-05-12 00:04:00+00:00,3,0
234,2024-05-11 22:54:00+00:00,2024-05-12 00:29:00+00:00,0,3
235,2024-05-12 00:44:00+00:00,2024-05-12 02:19:00+00:00,3,0
236,2024-05-12 01:09:00+00:00,2024-05-12 02:44:00+00:00,0,3
237,2024-05-12 02:59:00+00:00,2024-05-12 04:34:00+00:00,3,0
238,2024-05-12 04:09:00+00:00,2024-05-12 05:44:00+00:00,0,3
239,2024-05-12 05:59:00+00:00,2024-05-12 07:34:00+00:00,3,0
240,2024-05-12 07:09:00+00:00,2024-05-12 08:44:00+00:00,0,3
241,2024-05-12 08:59:00+00:00,2024-05-12 10:34:00+00:00,3,0
242,2024-05-12 09:24:00+00:00,2024-05-12 10:59:00+00:00,0,3
243,2024-05-12 11:14:00+00:00,2024-05-12 12:49:00+00:00,3,0
244,2024-05-12 11:39:00+00:00,2024-05-12 13:14:00+00:00,0,3
245,2024-05-12 13:29:00+00:00,2024-05-12 15:04:00+00:00,3,0
246,2024-05-12 13:54:00+00:00,2024-05-12 15:29:00+00:00,0,3
247,2024-05-12 15:44:00+00:00,2024-05-12 17:19:00+00:00,3,0
248,2024-05-12 16:09:00+00:00,2024-05-12 17:44:00+00:00,0,3
249,2024-05-12 17:59:00+00:00,2024-05-12 19:34:00+00:00,3,0
250,2024-05-12 18:24:00+00:00,2024-05-12 19:59:00+00:00,0,3
251,2024-05-12 20:14:00+00:00,2024-05-12 21:49:00+00:00,3,0
252,2024-05-12 20:39:00+00:00,2024-05-12 22:14:00+00:00,0,3
253,2024-05-12 22:29:00+00:00,2024-05-13 00:04:00+00:00,3,0
254,2024-05-12 22:54:00+00:00,2024-05-13 00:29:00+00:00,0,3
255,2024-05-13 00:44:00+00:00,2024-05-13 02:19:00+00:00,3,0
256,2024-05-13 01:09:00+00:00,2024-05-13 02:44:00+00:00,0,3
257,2024-05-13 02:59:00+00:00,2024-05-13 04:34:00+00:00,3,0
258,2024-05-13 04:09:00+00:00,2024-05-13 05:44:00+00:00,0,3
259,2024-05-13 05:59:00+00:00,2024-05-13 07:34:00+00:00,3,0
260,2024-05-13 07:09:00+00:00,2024-05-13 08:44:00+00:00,0,3
261,2024-05-13 08:59:00+00:00,2024-05-13 10:34:00+00:00,3,0
262,2024-05-13 09:24:00+00:00,2024-05-13 10:59:00+00:00,0,3
263,2024-05-13 11:14:00+00:00,2024-05-13 12:49:00+00:00,3,0
264,2024-05-13 11:39:00+00:00,2024-05-13 13:14:00+00:00,0,3
265,2024-05-13 13:29:00+00:00,2024-05-13 15:04:00+00:00,3,0
266,2024-05-13 13:54:00+00:00,2024-05-13 15:29:00+00:00,0,3
267,2024-05-13 15:44:00+00:00,2024-05-13 17:19:00+00:00,3,0
268,2024-05-13 16:09:00+00:00,2024-05-13 17:44:00+00:00,0,3
269,2024-05-13 17:59:00+00:00,2024-05-13 19:34:00+00:00,3,0
270,2024-05-13 18:24:00+00:00,2024-05-13 19:59:00+00:00,0,3
271,2024-05-13 20:14:00+00:00,2024-05-13 21:49:00+00:00,3,0
272,2024-05-13 20:39:00+00:00,2024-05-13 22:14:00+00:00,0,3
273,2024-05-13 22:29:00+00:00,2024-05-14 00:04:00+00:00,3,0
274,2024-05-13 22:54:00+00:00,2024-05-14 00:29:00+00:00,0,3
275,2024-05-14 00:44:00+00:00,2024-05-14 02:19:00+00:00,3,0
276,2024-05-14 01:09:00+00:00,2024-05-14 02:44:00+00:00,0,3
277,2024-05-14 02:59:00+00:00,2024-05-14 04:34:00+00:00,3,0
278,2024-05-14 04:09:00+00:00,2024-05-14 05:44:00+00:00,0,3
279,2024-05-14 05:59:00+00:00,2024-05-14 07:34:00+00:00,3,0
280,2024-05-14 07:09:00+00:00,2024-05-14 08:44:00+00:00,0,3
281,2024-05-14 08:59:00+00:00,2024-05-14 10:34:00+00:00,3,0
282,2024-05-14 09:24:00+00:00,2024-05-14 10:59:00+00:00,0,3
283,2024-05-14 11:14:00+00:00,2024-05-14 12:49:00+00:00,3,0
284,2024-05-14 11:39:00+00:00,2024-05-14 13:14:00+00:00,0,3
285,2024-05-14 13:29:00+00:00,2024-05-14 15:04:00+00:00,3,0
286,2024-05-14 13:54:00+00:00,2024-05-14 15:29:00+00:00,0,3
287,2024-05-14 15:44:00+00:00,2024-05-14 17:19:00+00:00,3,0
288,2024-05-14 16:09:00+00:00,2024-05-14 17:44:00+00:00,0,3
289,2024-05-14 17:59:00+00:00,2024-05-14 19:34:00+00:00,3,0
290,2024-05-14 18:24:00+00:00,2024-05-14 19:59:00+00:00,0,3
291,2024-05-14 20:14:00+00:00,2024-05-14 21:49:00+00:00,3,0
292,2024-05-14 20:39:00+00:00,2024-05-14 22:14:00+00:00,0,3
293,2024-05-14 22:29:00+00:00,2024-05-15 00:04:00+00:00,3,0
294,2024-05-14 22:54:00+00:00,2024-05-15 00:29:00+00:00,0,3
295,2024-05-15 00:44:00+00:00,2024-05-15 02:19:00+00:00,3,0
296,2024-05-15 01:09:00+00:00,2024-05-15 02:44:00+00:00,0,3
297,2024-05-15 02:59:00+00:00,2024-05-15 04:34:00+00:00,3,0
298,2024-05-15 04:09:00+00:00,2024-05-15 05:44:00+00:00,0,3
299,2024-05-15 05:59:00+00:00,2024-05-15 07:34:00+00:00,3,0
300,2024-05-15 07:09:00+00:00,2024-05-15 08:44:00+00:00,0,3
301,2024-05-15 08:59:00+00:00,2024-05-15 10:34:00+00:00,3,0
302,2024-05-15 09:24:00+00:00,2024-05-15 10:59:00+00:00,0,3
303,2024-05-15 11:14:00+00:00,2024-05-15 12:49:00+00:00,3,0
304,2024-05-15 11:39:00+00:00,2024-05-15 13:14:00+00:00,0,3
305,2024-05-15 13:29:00+00:00,2024-05-15 15:04:00+00:00,3,0
306,2024-05-15 13:54:00+00:00,2024-05-15 15:29:00+00:00,0,3
307,2024-05-15 15:44:00+00:00,2024-05-15 17:19:00+00:00,3,0
308,2024-05-15 16:09:00+00:00,2024-05-15 17:44:00+00:00,0,3
309,2024-05-15 17:59:00+00:00,2024-05-15 19:34:00+00:00,3,0
310,2024-05-15 18:24:00+00:00,2024-05-15 19:59:00+00:00,0,3
311,2024-05-15 20:14:00+00:00,2024-05-15 21:49:00+00:00,3,0
312,2024-05-15 20:39:00+00:00,2024-05-15 22:14:00+00:00,0,3
313,2024-05-15 22:29:00+00:00,2024-05-16 00:04:00+00:00,3,0
314,2024-05-15 22:54:00+00:00,2024-05-16 00:29:00+00:00,0,3
315,2024-05-16 00:44:00+00:00,2024-05-16 02:19:00+00:00,3,0
316,2024-05-16 01:09:00+00:00,2024-05-16 02:44:00+00:00,0,3
317,2024-05-16 02:59:00+00:00,2024-05-16 04:34:00+00:00,3,0
318,2024-05-16 04:09:00+00:00,2024-05-16 05:44:00+00:00,0,3
319,2024-05-16 05:59:00+00:00,2024-05-16 07:34:00+00:00,3,0
320,2024-05-16 07:09:00+00:00,2024-05-16 08:44:00+00:00,0,3
321,2024-05-16 08:59:00+00:00,2024-05-16 10:34:00+00:00,3,0
322,2024-05-16 09:24:00+00:00,2024-05-16 10:59:00+00:00,0,3
323,2024-05-16 11:14:00+00:00,2024-05-16 12:49:00+00:00,3,0
324,2024-05-16 11:39:00+00:00,2024-05-16 13:14:00+00:00,0,3
325,2024-05-16 13:29:00+00:00,2024-05-16 15:04:00+00:00,3,0
326,2024-05-16 13:54:00+00:00,2024-05-16 15:29:00+00:00,0,3
327,2024-05-16 15:44:00+00:00,2024-05-16 17:19:00+00:00,3,0
328,2024-05-16 16:09:00+00:00,2024-05-16 17:44:00+00:00,0,3
329,2024-05-16 17:59:00+00:00,2024-05-16 19:34:00+00:00,3,0
330,2024-05-16 18:24:00+00:00,2024-05-16 19:59:00+00:00,0,3
331,2024-05-16 20:14:00+00:00,2024-05-16 21:49:00+00:00,3,0
332,2024-05-16 20:39:00+00:00,2024-05-16 22:14:00+00:00,0,3
333,2024-05-16 22:29:00+00:00,2024-05-17 00:04:00+00:00,3,0
334,2024-05-16 22:54:00+00:00,2024-05-17 00:29:00+00:00,0,3
335,2024-05-17 00:44:00+00:00,2024-05-17 02:19:00+00:00,3,0
336,2024-05-17 01:09:00+00:00,2024-05-17 02:44:00+00:00,0,3
337,2024-05-17 02:59:00+00:00,2024-05-17 04:34:00+00:00,3,0
338,2024-05-17 04:09:00+00:00,2024-05-17 05:44:00+00:00,0,3
339,2024-05-17 05:59:00+00:00,2024-05-17 07:34:00+00:00,3,0
340,2024-05-17 07:09:00+00:00,2024-05-17 08:44:00+00:00,0,3
341,2024-05-17 08:59:00+00:00,2024-05-17 10:34:00+00:00,3,0
342,2024-05-17 09:24:00+00:00,2024-05-17 10:59:00+00:00,0,3
343,2024-05-17 11:14:00+00:00,2024-05-17 12:49:00+00:00,3,0
344,2024-05-17 11:39:00+00:00,2024-05-17 13:14:00+00:00,0,3
345,2024-05-17 13:29:00+00:00,2024-05-17 15:04:00+00:00,3,0
346,2024-05-17 13:54:00+00:00,2024-05-17 15:29:00+00:00,0,3
347,2024-05-17 15:44:00+00:00,2024-05-17 17:19:00+00:00,3,0
348,2024-05-17 16:09:00+00:00,2024-05-17 17:44:00+00:00,0,3
349,2024-05-17 17:59:00+00:00,2024-05-17 19:34:00+00:00,3,0
350,2024-05-17 18:24:00+00:00,2024-05-17 19:59:00+00:00,0,3
351,2024-05-17 20:14:00+00:00,2024-05-17 21:49:00+00:00,3,0
352,2024-05-17 20:39:00+00:00,2024-05-17 22:14:00+00:00,0,3
353,2024-05-17 22:29:00+00:00,2024-05-18 00:04:00+00:00,3,0
354,2024-05-17 22:54:00+00:00,2024-05-18 00:29:00+00:00,0,3
355,2024-05-18 00:44:00+00:00,2024-05-18 02:19:00+00:00,3,0
356,2024-05-18 01:09:00+00:00,2024-05-18 02:44:00+00:00,0,3
357,2024-05-18 02:59:00+00:00,2024-05-18 04:34:00+00:00,3,0
358,2024-05-18 04:09:00+00:00,2024-05-18 05:44:00+00:00,0,3
359,2024-05-18 05:59:00+00:00,2024-05-18 07:34:00+00:00,3,0
360,2024-05-18 07:09:00+00:00,2024-05-18 08:44:00+00:00,0,3
361,2024-05-18 08:59:00+00:00,2024-05-18 10:34:00+00:00,3,0
362,2024-05-18 09:24:00+00:00,2024-05-18 10:59:00+00:00,0,3
363,2024-05-18 11:14:00+00:00,2024-05-18 12:49:00+00:00,3,0
364,2024-05-18 11:39:00+00:00,2024-05-18 13:14:00+00:00,0,3
365,2024-05-18 13:29:00+00:00,2024-05-18 15:04:00+00:00,3,0
366,2024-05-18 13:54:00+00:00,2024-05-18 15:29:00+00:00,0,3
367,2024-05-18 15:44:00+00:00,2024-05-18 17:19:00+00:00,3,0
368,2024-05-18 16:09:00+00:00,2024-05-18 17:44:00+00:00,0,3
369,2024-05-18 17:59:00+00:00,2024-05-18 19:34:00+00:00,3,0
370,2024-05-18 18:24:00+00:00,2024-05-18 19:59:00+00:00,0,3
371,2024-05-18 20:14:00+00:00,2024-05-18 21:49:00+00:00,3,0
372,2024-05-18 20:39:00+00:00,2024-05-18 22:14:00+00:00,0,3
373,2024-05-18 22:29:00+00:00,2024-05-19 00:04:00+00:00,3,0
374,2024-05-18 22:54:00+00:00,2024-05-19 00:29:00+00:00,0,3
375,2024-05-19 00:44:00+00:00,2024-05-19 02:19:00+00:00,3,0
376,2024-05-19 01:09:00+00:00,2024-05-19 02:44:00+00:00,0,3
377,2024-05-19 02:59:00+00:00,2024-05-19 04:34:00+00:00,3,0
378,2024-05-19 04:09:00+00:00,2024-05-19 05:44:00+00:00,0,3
379,2024-05-19 05:59:00+00:00,2024-05-19 07:34:00+00:00,3,0
380,2024-05-19 07:09:00+00:00,2024-05-19 08:44:00+00:00,0,3
381,2024-05-19 08:59:00+00:00,2024-05-19 10:34:00+00:00,3,0
382,2024-05-19 09:24:00+00:00,2024-05-19 10:59:00+00:00,0,3
383,2024-05-19 11:14:00+00:00,2024-05-19 12:49:00+00:00,3,0
384,2024-05-19 11:39:00+00:00,2024-05-19 13:14:00+00:00,0,3
385,2024-05-19 13:29:00+00:00,2024-05-19 15:04:00+00:00,3,0
386,2024-05-19 13:54:00+00:00,2024-05-19 15:29:00+00:00,0,3
387,2024-05-19 15:44:00+00:00,2024-05-19 17:19:00+00:00,3,0
388,2024-05-19 16:09:00+00:00,2024-05-19 17:44:00+00:00,0,3
389,2024-05-19 17:59:00+00:00,2024-05-19 19:34:00+00:00,3,0
390,2024-05-19 18:24:00+00:00,2024-05-19 19:59:00+00:00,0,3
391,2024-05-19 20:14:00+00:00,2024-05-19 21:49:00+00:00,3,0
392,2024-05-19 20:39:00+00:00,2024-05-19 22:14:00+00:00,0,3
393,2024-05-19 22:29:00+00:00,2024-05-20 00:04:00+00:00,3,0
394,2024-05-19 22:54:00+00:00,2024-05-20 00:29:00+00:00,0,3
395,2024-05-20 00:44:00+00:00,2024-05-20 02:19:00+00:00,3,0
396,2024-05-20 01:09:00+00:00,2024-05-20 02:44:00+00:00,0,3
397,2024-05-20 02:59:00+00:00,2024-05-20 04:34:00+00:00,3,0
398,2024-05-20 04:09:00+00:00,2024-05-20 05:44:00+00:00,0,3
399,2024-05-20 05:59:00+00:00,2024-05-20 07:34:00+00:00,3,0
400,2024-05-20 07:09:00+00:00,2024-05-20 08:44:00+00:00,0,3
401,2024-05-20 08:59:00+00:00,2024-05-20 10:34:00+00:00,3,0
402,2024-05-20 09:24:00+00:00,2024-05-20 10:59:00+00:00,0,3
403,2024-05-20 11:14:00+00:00,2024-05-20 12:49:00+00:00,3,0
404,2024-05-20 11:39:00+00:00,2024-05-20 13:14:00+00:00,0,3
405,2024-05-20 13:29:00+00:00,2024-05-20 15:04:00+00:00,3,0
406,2024-05-20 13:54:00+00:00,2024-05-20 15:29:00+00:00,0,3
407,2024-05-20 15:44:00+00:00,2024-05-20 17:19:00+00:00,3,0
408,2024-05-20 16:09:00+00:00,2024-05-20 17:44:00+00:00,0,3
409,2024-05-20 17:59:00+00:00,2024-05-20 19:34:00+00:00,3,0
410,2024-05-20 18:24:00+00:00,2024-05-20 19:59:00+00:00,0,3
411,2024-05-20 20:14:00+00:00,2024-05-20 21:49:00+00:00,3,0
412,2024-05-20 20:39:00+00:00,2024-05-20 22:14:00+00:00,0,3
413,2024-05-20 22:29:00+00:00,2024-05-21 00:04:00+00:00,3,0
414,2024-05-20 22:54:00+00:00,2024-05-21 00:29:00+00:00,0,3
415,2024-05-21 00:44:00+00:00,2024-05-21 02:19:00+00:00,3,0
416,2024-05-21 01:09:00+00:00,2024-05-21 02:44:00+00:00,0,3
417,2024-05-21 02:59:00+00:00,2024-05-21 04:34:00+00:00,3,0
418,2024-05-21 04:09:00+00:00,2024-05-21 05:44:00+00:00,0,3
419,2024-05-21 05:59:00+00:00,2024-05-21 07:34:00+00:00,3,0
420,2024-05-21 07:09:00+00:00,2024-05-21 08:44:00+00:00,0,3
421,2024-05-21 08:59:00+00:00,2024-05-21 10:34:00+00:00,3,0
422,2024-05-21 09:24:00+00:00,2024-05-21 10:59:00+00:00,0,3
423,2024-05-21 11:14:00+00:00,2024-05-21 12:49:00+00:00,3,0
424,2024-05-21 11:39:00+00:00,2024-05-21 13:14:00+00:00,0,3
425,2024-05-21 13:29:00+00:00,2024-05-21 15:04:00+00:00,3,0
426,2024-05-21 13:54:00+00:00,2024-05-21 15:29:00+00:00,0,3
427,2024-05-21 15:44:00+00:00,2024-05-21 17:19:00+00:00,3,0
428,2024-05-21 16:09:00+00:00,2024-05-21 17:44:00+00:00,0,3
429,2024-05-21 17:59:00+00:00,2024-05-21 19:34:00+00:00,3,0
430,2024-05-21 18:24:00+00:00,2024-05-21 19:59:00+00:00,0,3
431,2024-05-21 20:14:00+00:00,2024-05-21 21:49:00+00:00,3,0
432,2024-05-21 20:39:00+00:00,2024-05-21 22:14:00+00:00,0,3
433,2024-05-21 22:29:00+00:00,2024-05-22 00:04:00+00:00,3,0
434,2024-05-21 22:54:00+00:00,2024-05-22 00:29:00+00:00,0,3
435,2024-05-22 00:44:00+00:00,2024-05-22 02:19:00+00:00,3,0
436,2024-05-22 01:09:00+00:00,2024-05-22 02:44:00+00:00,0,3
437,2024-05-22 02:59:00+00:00,2024-05-22 04:34:00+00:00,3,0
438,2024-05-22 04:09:00+00:00,2024-05-22 05:44:00+00:00,0,3
439,2024-05-22 05:59:00+00:00,2024-05-22 07:34:00+00:00,3,0
440,2024-05-22 07:09:00+00:00,2024-05-22 08:44:00+00:00,0,3
441,2024-05-22 08:59:00+00:00,2024-05-22 10:34:00+00:00,3,0
442,2024-05-22 09:24:00+00:00,2024-05-22 10:59:00+00:00,0,3
443,2024-05-22 11:14:00+00:00,2024-05-22 12:49:00+00:00,3,0
444,2024-05-22 11:39:00+00:00,2024-05-22 13:14:00+00:00,0,3
445,2024-05-22 13:29:00+00:00,2024-05-22 15:04:00+00:00,3,0
446,2024-05-22 13:54:00+00:00,2024-05-22 15:29:00+00:00,0,3
447,2024-05-22 15:44:00+00:00,2024-05-22 17:19:00+00:00,3,0
448,2024-05-22 16:09:00+00:00,2024-05-22 17:44:00+00:00,0,3
449,2024-05-22 17:59:00+00:00,2024-05-22 19:34:00+00:00,3,0
450,2024-05-22 18:24:00+00:00,2024-05-22 19:59:00+00:00,0,3
451,2024-05-22 20:14:00+00:00,2024-05-22 21:49:00+00:00,3,0
452,2024-05-22 20:39:00+00:00,2024-05-22 22:14:00+00:00,0,3
453,2024-05-22 22:29:00+00:00,2024-05-23 00:04:00+00:00,3,0
454,2024-05-22 22:54:00+00:00,2024-05-23 00:29:00+00:00,0,3
455,2024-05-23 00:44:00+00:00,2024-05-23 02:19:00+00:00,3,0
456,2024-05-23 01:09:00+00:00,2024-05-23 02:44:00+00:00,0,3
457,2024-05-23 02:59:00+00:00,2024-05-23 04:34:00+00:00,3,0
458,2024-05-23 04:09:00+00:00,2024-05-23 05:44:00+00:00,0,3
459,2024-05-23 05:59:00+00:00,2024-05-23 07:34:00+00:00,3,0
460,2024-05-23 07:09:00+00:00,2024-05-23 08:44:00+00:00,0,3
461,2024-05-23 08:59:00+00:00,2024-05-23 10:34:00+00:00,3,0
462,2024-05-23 09:24:00+00:00,2024-05-23 10:59:00+00:00,0,3
463,2024-05-23 11:14:00+00:00,2024-05-23 12:49:00+00:00,3,0
464,2024-05-23 11:39:00+00:00,2024-05-23 13:14:00+00:00,0,3
465,2024-05-23 13:29:00+00:00,2024-05-23 15:04:00+00:00,3,0
466,2024-05-23 13:54:00+00:00,2024-05-23 15:29:00+00:00,0,3
467,2024-05-23 15:44:00+00:00,2024-05-23 17:19:00+00:00,3,0
468,2024-05-23 16:09:00+00:00,2024-05-23 17:44:00+00:00,0,3
469,2024-05-23 17:59:00+00:00,2024-05-23 19:34:00+00:00,3,0
470,2024-05-23 18:24:00+00:00,2024-05-23 19:59:00+00:00,0,3
471,2024-05-23 20:14:00+00:00,2024-05-23 21:49:00+00:00,3,0
472,2024-05-23 20:39:00+00:00,2024-05-23 22:14:00+00:00,0,3
473,2024-05-23 22:29:00+00:00,2024-05-24 00:04:00+00:00,3,0
474,2024-05-23 22:54:00+00:00,2024-05-24 00:29:00+00:00,0,3
475,2024-05-24 00:44:00+00:00,2024-05-24 02:19:00+00:00,3,0
476,2024-05-24 01:09:00+00:00,2024-05-24 02:44:00+00:00,0,3
477,2024-05-24 02:59:00+00:00,2024-05-24 04:34:00+00:00,3,0
478,2024-05-24 04:09:00+00:00,2024-05-24 05:44:00+00:00,0,3
479,2024-05-24 05:59:00+00:00,2024-05-24 07:34:00+00:00,3,0
480,2024-05-24 07:09:00+00:00,2024-05-24 08:44:00+00:00,0,3
481,2024-05-24 08:59:00+00:00,2024-05-24 10:34:00+00:00,3,0
482,2024-05-24 09:24:00+00:00,2024-05-24 10:59:00+00:00,0,3
483,2024-05-24 11:14:00+00:00,2024-05-24 12:49:00+00:00,3,0
484,2024-05-24 11:39:00+00:00,2024-05-24 13:14:00+00:00,0,3
485,2024-05-24 13:29:00+00:00,2024-05-24 15:04:00+00:00,3,0
486,2024-05-24 13:54:00+00:00,2024-05-24 15:29:00+00:00,0,3
487,2024-05-24 15:44:00+00:00,2024-05-24 17:19:00+00:00,3,0
488,2024-05-24 16:09:00+00:00,2024-05-24 17:44:00+00:00,0,3
489,2024-05-24 17:59:00+00:00,2024-05-24 19:34:00+00:00,3,0
490,2024-05-24 18:24:00+00:00,2024-05-24 19:59:00+00:00,0,3
491,2024-05-24 20:14:00+00:00,2024-05-24 21:49:00+00:00,3,0
492,2024-05-24 20:39:00+00:00,2024-05-24 22:14:00+00:00,0,3
493,2024-05-24 22:29:00+00:00,2024-05-25 00:04:00+00:00,3,0
494,2024-05-24 22:54:00+00:00,2024-05-25 00:29:00+00:00,0,3
495,2024-05-25 00:44:00+00:00,2024-05-25 02:19:00+00:00,3,0
496,2024-05-25 01:09:00+00:00,2024-05-25 02:44:00+00:00,0,3
497,2024-05-25 02:59:00+00:00,2024-05-25 04:34:00+00:00,3,0
498,2024-05-25 04:09:00+00:00,2024-05-25 05:44:00+00:00,0,3
499,2024-05-25 05:59:00+00:00,2024-05-25 07:34:00+00:00,3,0
500,2024-05-25 07:09:00+00:00,2024-05-25 08:44:00+00:00,0,3
501,2024-05-25 08:59:00+00:00,2024-05-25 10:34:00+00:00,3,0
502,2024-05-25 09:24:00+00:00,2024-05-25 10:59:00+00:00,0,3
503,2024-05-25 11:14:00+00:00,2024-05-25 12:49:00+00:00,3,0
504,2024-05-25 11:39:00+00:00,2024-05-25 13:14:00+00:00,0,3
505,2024-05-25 13:29:00+00:00,2024-05-25 15:04:00+00:00,3,0
506,2024-05-25 13:54:00+00:00,2024-05-25 15:29:00+00:00,0,3
507,2024-05-25 15:44:00+00:00,2024-05-25 17:19:00+00:00,3,0
508,2024-05-25 16:09:00+00:00,2024-05-25 17:44:00+00:00,0,3
509,2024-05-25 17:59:00+00:00,2024-05-25 19:34:00+00:00,3,0
510,2024-05-25 18:24:00+00:00,2024-05-25 19:59:00+00:00,0,3
511,2024-05-25 20:14:00+00:00,2024-05-25 21:49:00+00:00,3,0
512,2024-05-25 20:39:00+00:00,2024-05-25 22:14:00+00:00,0,3
513,2024-05-25 22:29:00+00:00,2024-05-26 00:04:00+00:00,3,0
514,2024-05-25 22:54:00+00:00,2024-05-26 00:29:00+00:00,0,3
515,2024-05-26 00:44:00+00:00,2024-05-26 02:19:00+00:00,3,0
516,2024-05-26 01:09:00+00:00,2024-05-26 02:44:00+00:00,0,3
517,2024-05-26 02:59:00+00:00,2024-05-26 04:34:00+00:00,3,0
518,2024-05-26 04:09:00+00:00,2024-05-26 05:44:00+00:00,0,3
519,2024-05-26 05:59:00+00:00,2024-05-26 07:34:00+00:00,3,0
520,2024-05-26 07:09:00+00:00,2024-05-26 08:44:00+00:00,0,3
521,2024-05-26 08:59:00+00:00,2024-05-26 10:34:00+00:00,3,0
522,2024-05-26 09:24:00+00:00,2024-05-26 10:59:00+00:00,0,3
523,2024-05-26 11:14:00+00:00,2024-05-26 12:49:00+00:00,3,0
524,2024-05-26 11:39:00+00:00,2024-05-26 13:14:00+00:00,0,3
525,2024-05-26 13:29:00+00:00,2024-05-26 15:04:00+00:00,3,0
526,2024-05-26 13:54:00+00:00,2024-05-26 15:29:00+00:00,0,3
527,2024-05-26 15:44:00+00:00,2024-05-26 17:19:00+00:00,3,0
528,2024-05-26 16:09:00+00:00,2024-05-26 17:44:00+00:00,0,3
529,2024-05-26 17:59:00+00:00,2024-05-26 19:34:00+00:00,3,0
530,2024-05-26 18:24:00+00:00,2024-05-26 19:59:00+00:00,0,3
531,2024-05-26 20:14:00+00:00,2024-05-26 21:49:00+00:00,3,0
532,2024-05-26 20:39:00+00:00,2024-05-26 22:14:00+00:00,0,3
533,2024-05-26 22:29:00+00:00,2024-05-27 00:04:00+00:00,3,0
534,2024-05-26 22:54:00+00:00,2024-05-27 00:29:00+00:00,0,3
535,2024-05-27 00:44:00+00:00,2024-05-27 02:19:00+00:00,3,0
536,2024-05-27 01:09:00+00:00,2024-05-27 02:44:00+00:00,0,3
537,2024-05-27 02:59:00+00:00,2024-05-27 04:34:00+00:00,3,0
538,2024-05-27 04:09:00+00:00,2024-05-27 05:44:00+00:00,0,3
539,2024-05-27 05:59:00+00:00,2024-05-27 07:34:00+00:00,3,0
540,2024-05-27 07:09:00+00:00,2024-05-27 08:44:00+00:00,0,3
541,2024-05-27 08:59:00+00:00,2024-05-27 10:34:00+00:00,3,0
542,2024-05-27 09:24:00+00:00,2024-05-27 10:59:00+00:00,0,3
543,2024-05-27 11:14:00+00:00,2024-05-27 12:49:00+00:00,3,0
544,2024-05-27 11:39:00+00:00,2024-05-27 13:14:00+00:00,0,3
545,2024-05-27 13:29:00+00:00,2024-05-27 15:04:00+00:00,3,0
546,2024-05-27 13:54:00+00:00,2024-05-27 15:29:00+00:00,0,3
547,2024-05-27 15:44:00+00:00,2024-05-27 17:19:00+00:00,3,0
548,2024-05-27 16:09:00+00:00,2024-05-27 17:44:00+00:00,0,3
549,2024-05-27 17:59:00+00:00,2024-05-27 19:34:00+00:00,3,0
550,2024-05-27 18:24:00+00:00,2024-05-27 19:59:00+00:00,0,3
551,2024-05-27 20:14:00+00:00,2024-05-27 21:49:00+00:00,3,0
552,2024-05-27 20:39:00+00:00,2024-05-27 22:14:00+00:00,0,3
553,2024-05-27 22:29:00+00:00,2024-05-28 00:04:00+00:00,3,0
554,2024-05-27 22:54:00+00:00,2024-05-28 00:29:00+00:00,0,3
555,2024-05-28 00:44:00+00:00,2024-05-28 02:19:00+00:00,3,0
556,2024-05-28 01:09:00+00:00,2024-05-28 02:44:00+00:00,0,3
557,2024-05-28 02:59:00+00:00,2024-05-28 04:34:00+00:00,3,0
558,2024-05-28 04:09:00+00:00,2024-05-28 05:44:00+00:00,0,3
559,2024-05-28 05:59:00+00:00,2024-05-28 07:34:00+00:00,3,0
560,2024-05-28 07:09:00+00:00,2024-05-28 08:44:00+00:00,0,3
561,2024-05-28 08:59:00+00:00,2024-05-28 10:34:00+00:00,3,0
562,2024-05-28 09:24:00+00:00,2024-05-28 10:59:00+00:00,0,3
563,2024-05-28 11:14:00+00:00,2024-05-28 12:49:00+00:00,3,0
564,2024-05-28 11:39:00+00:00,2024-05-28 13:14:00+00:00,0,3
565,2024-05-28 13:29:00+00:00,2024-05-28 15:04:00+00:00,3,0
566,2024-05-28 13:54:00+00:00,2024-05-28 15:29:00+00:00,0,3
567,2024-05-28 15:44:00+00:00,2024-05-28 17:19:00+00:00,3,0
568,2024-05-28 16:09:00+00:00,2024-05-28 17:44:00+00:00,0,3
569,2024-05-28 17:59:00+00:00,2024-05-28 19:34:00+00:00,3,0
570,2024-05-28 18:24:00+00:00,2024-05-28 19:59:00+00:00,0,3
571,2024-05-28 20:14:00+00:00,2024-05-28 21:49:00+00:00,3,0
572,2024-05-28 20:39:00+00:00,2024-05-28 22:14:00+00:00,0,3
573,2024-05-28 22:29:00+00:00,2024-05-29 00:04:00+00:00,3,0
574,2024-05-28 22:54:00+00:00,2024-05-29 00:29:00+00:00,0,3
575,2024-05-29 00:44:00+00:00,2024-05-29 02:19:00+00:00,3,0
576,2024-05-29 01:09:00+00:00,2024-05-29 02:44:00+00:00,0,3
577,2024-05-29 02:59:00+00:00,2024-05-29 04:34:00+00:00,3,0
578,2024-05-29 04:09:00+00:00,2024-05-29 05:44:00+00:00,0,3
579,2024-05-29 05:59:00+00:00,2024-05-29 07:34:00+00:00,3,0
580,2024-05-29 07:09:00+00:00,2024-05-29 08:44:00+00:00,0,3
581,2024-05-29 08:59:00+00:00,2024-05-29 10:34:00+00:00,3,0
582,2024-05-29 09:24:00+00:00,2024-05-29 10:59:00+00:00,0,3
583,2024-05-29 11:14:00+00:00,2024-05-29 12:49:00+00:00,3,0
584,2024-05-29 11:39:00+00:00,2024-05-29 13:14:00+00:00,0,3
585,2024-05-29 13:29:00+00:00,2024-05-29 15:04:00+00:00,3,0
586,2024-05-29 13:54:00+00:00,2024-05-29 15:29:00+00:00,0,3
587,2024-05-29 15:44:00+00:00,2024-05-29 17:19:00+00:00,3,0
588,2024-05-29 16:09:00+00:00,2024-05-29 17:44:00+00:00,0,3
589,2024-05-29 17:59:00+00:00,2024-05-29 19:34:00+00:00,3,0
590,2024-05-29 18:24:00+00:00,2024-05-29 19:59:00+00:00,0,3
591,2024-05-29 20:14:00+00:00,2024-05-29 21:49:00+00:00,3,0
592,2024-05-29 20:39:00+00:00,2024-05-29 22:14:00+00:00,0,3
593,2024-05-29 22:29:00+00:00,2024-05-30 00:04:00+00:00,3,0
594,2024-05-29 22:54:00+00:00,2024-05-30 00:29:00+00:00,0,3
595,2024-05-30 00:44:00+00:00,2024-05-30 02:19:00+00:00,3,0
596,2024-05-30 01:09:00+00:00,2024-05-30 02:44:00+00:00,0,3
597,2024-05-30 02:59:00+00:00,2024-05-30 04:34:00+00:00,3,0
598,2024-05-30 04:09:00+00:00,2024-05-30 05:44:00+00:00,0,3
599,2024-05-30 05:59:00+00:00,2024-05-30 07:34:00+00:00,3,0
600,2024-05-30 07:09:00+00:00,2024-05-30 08:44:00+00:00,0,3
601,2024-05-30 08:59:00+00:00,2024-05-30 10:34:00+00:00,3,0
602,2024-05-30 09:24:00+00:00,2024-05-30 10:59:00+00:00,0,3
603,2024-05-30 11:14:00+00:00,2024-05-30 12:49:00+00:00,3,0
604,2024-05-30 11:39:00+00:00,2024-05-30 13:14:00+00:00,0,3
605,2024-05-30 13:29:00+00:00,2024-05-30 15:04:00+00:00,3,0
606,2024-05-30 13:54:00+00:00,2024-05-30 15:29:00+00:00,0,3
607,2024-05-30 15:44:00+00:00,2024-05-30 17:19:00+00:00,3,0
608,2024-05-30 16:09:00+00:00,2024-05-30 17:44:00+00:00,0,3
609,2024-05-30 17:59:00+00:00,2024-05-30 19:34:00+00:00,3,0
610,2024-05-30 18:24:00+00:00,2024-05-30 19:59:00+00:00,0,3
611,2024-05-30 20:14:00+00:00,2024-05-30 21:49:00+00:00,3,0
612,2024-05-30 20:39:00+00:00,2024-05-30 22:14:00+00:00,0,3
613,2024-05-30 22:29:00+00:00,2024-05-31 00:04:00+00:00,3,0
614,2024-05-30 22:54:00+00:00,2024-05-31 00:29:00+00:00,0,3
615,2024-05-31 00:44:00+00:00,2024-05-31 02:19:00+00:00,3,0
616,2024-05-31 01:09:00+00:00,2024-05-31 02:44:00+00:00,0,3
617,2024-05-31 02:59:00+00:00,2024-05-31 04:34:00+00:00,3,0
618,2024-05-31 04:09:00+00:00,2024-05-31 05:44:00+00:00,0,3
619,2024-05-31 05:59:00+00:00,2024-05-31 07:34:00+00:00,3,0
620,2024-05-31 07:09:00+00:00,2024-05-31 08:44:00+00:00,0,3
621,2024-05-31 08:59:00+00:00,2024-05-31 10:34:00+00:00,3,0
622,2024-05-31 09:24:00+00:00,2024-05-31 10:59:00+00:00,0,3
623,2024-05-31 11:14:00+00:00,2024-05-31 12:49:00+00:00,3,0
624,2024-05-31 11:39:00+00:00,2024-05-31 13:14:00+00:00,0,3
625,2024-05-31 13:29:00+00:00,2024-05-31 15:04:00+00:00,3,0
626,2024-05-31 13:54:00+00:00,2024-05-31 15:29:00+00:00,0,3
627,2024-05-31 15:44:00+00:00,2024-05-31 17:19:00+00:00,3,0
628,2024-05-31 16:09:00+00:00,2024-05-31 17:44:00+00:00,0,3
629,2024-05-31 17:59:00+00:00,2024-05-31 19:34:00+00:00,3,0
630,2024-05-31 18:24:00+00:00,2024-05-31 19:59:00+00:00,0,3
631,2024-05-31 20:14:00+00:00,2024-05-31 21:49:00+00:00,3,0
632,2024-05-31 20:39:00+00:00,2024-05-31 22:14:00+00:00,0,3
633,2024-05-31 22:29:00+00:00,2024-06-01 00:04:00+00:00,3,0
634,2024-05-31 22:54:00+00:00,2024-06-01 00:29:00+00:00,0,3
635,2024-06-01 00:44:00+00:00,2024-06-01 02:19:00+00:00,3,0
636,2024-06-01 01:09:00+00:00,2024-06-01 02:44:00+00:00,0,3
637,2024-06-01 02:59:00+00:00,2024-06-01 04:34:00+00:00,3,0
638,2024-06-01 04:09:00+00:00,2024-06-01 05:44:00+00:00,0,3
639,2024-06-01 05:59:00+00:00,2024-06-01 07:34:00+00:00,3,0
640,2024-06-01 07:09:00+00:00,2024-06-01 08:44:00+00:00,0,3
641,2024-06-01 08:59:00+00:00,2024-06-01 10:34:00+00:00,3,0
642,2024-06-01 09:24:00+00:00,2024-06-01 10:59:00+00:00,0,3
643,2024-06-01 11:14:00+00:00,2024-06-01 12:49:00+00:00,3,0
644,2024-06-01 11:39:00+00:00,2024-06-01 13:14:00+00:00,0,3
645,2024-06-01 13:29:00+00:00,2024-06-01 15:04:00+00:00,3,0
646,2024-06-01 13:54:00+00:00,2024-06-01 15:29:00+00:00,0,3
647,2024-06-01 15:44:00+00:00,2024-06-01 17:19:00+00:00,3,0
648,2024-06-01 16:09:00+00:00,2024-06-01 17:44:00+00:00,0,3
649,2024-06-01 17:59:00+00:00,2024-06-01 19:34:00+00:00,3,0
650,2024-06-01 18:24:00+00:00,2024-06-01 19:59:00+00:00,0,3
651,2024-06-01 20:14:00+00:00,2024-06-01 21:49:00+00:00,3,0
652,2024-06-01 20:39:00+00:00,2024-06-01 22:14:00+00:00,0,3
653,2024-06-01 22:29:00+00:00,2024-06-02 00:04:00+00:00,3,0
654,2024-06-01 22:54:00+00:00,2024-06-02 00:29:00+00:00,0,3
655,2024-06-02 00:44:00+00:00,2024-06-02 02:19:00+00:00,3,0
656,2024-06-02 01:09:00+00:00,2024-06-02 02:44:00+00:00,0,3
657,2024-06-02 02:59:00+00:00,2024-06-02 04:34:00+00:00,3,0
658,2024-06-02 04:09:00+00:00,2024-06-02 05:44:00+00:00,0,3
659,2024-06-02 05:59:00+00:00,2024-06-02 07:34:00+00:00,3,0
660,2024-06-02 07:09:00+00:00,2024-06-02 08:44:00+00:00,0,3
661,2024-06-02 08:59:00+00:00,2024-06-02 10:34:00+00:00,3,0
662,2024-06-02 09:24:00+00:00,2024-06-02 10:59:00+00:00,0,3
663,2024-06-02 11:14:00+00:00,2024-06-02 12:49:00+00:00,3,0
664,2024-06-02 11:39:00+00:00,2024-06-02 13:14:00+00:00,0,3
665,2024-06-02 13:29:00+00:00,2024-06-02 15:04:00+00:00,3,0
666,2024-06-02 13:54:00+00:00,2024-06-02 15:29:00+00:00,0,3
667,2024-06-02 15:44:00+00:00,2024-06-02 17:19:00+00:00,3,0
668,2024-06-02 16:09:00+00:00,2024-06-02 17:44:00+00:00,0,3
669,2024-06-02 17:59:00+00:00,2024-06-02 19:34:00+00:00,3,0
670,2024-06-02 18:24:00+00:00,2024-06-02 19:59:00+00:00,0,3
671,2024-06-02 20:14:00+00:00,2024-06-02 21:49:00+00:00,3,0
672,2024-06-02 20:39:00+00:00,2024-06-02 22:14:00+00:00,0,3
673,2024-06-02 22:29:00+00:00,2024-06-03 00:04:00+00:00,3,0
674,2024-06-02 22:54:00+00:00,2024-06-03 00:29:00+00:00,0,3
675,2024-06-03 00:44:00+00:00,2024-06-03 02:19:00+00:00,3,0
676,2024-06-03 01:09:00+00:00,2024-06-03 02:44:00+00:00,0,3
677,2024-06-03 02:59:00+00:00,2024-06-03 04:34:00+00:00,3,0
678,2024-06-03 04:09:00+00:00,2024-06-03 05:44:00+00:00,0,3
679,2024-06-03 05:59:00+00:00,2024-06-03 07:34:00+00:00,3,0
680,2024-06-03 07:09:00+00:00,2024-06-03 08:44:00+00:00,0,3
681,2024-06-03 08:59:00+00:00,2024-06-03 10:34:00+00:00,3,0
682,2024-06-03 09:24:00+00:00,2024-06-03 10:59:00+00:00,0,3
683,2024-06-03 11:14:00+00:00,2024-06-03 12:49:00+00:00,3,0
684,2024-06-03 11:39:00+00:00,2024-06-03 13:14:00+00:00,0,3
685,2024-06-03 13:29:00+00:00,2024-06-03 15:04:00+00:00,3,0
686,2024-06-03 13:54:00+00:00,2024-06-03 15:29:00+00:00,0,3
687,2024-06-03 15:44:00+00:00,2024-06-03 17:19:00+00:00,3,0
688,2024-06-03 16:09:00+00:00,2024-06-03 17:44:00+00:00,0,3
689,2024-06-03 17:59:00+00:00,2024-06-03 19:34:00+00:00,3,0
690,2024-06-03 18:24:00+00:00,2024-06-03 19:59:00+00:00,0,3
691,2024-06-03 20:14:00+00:00,2024-06-03 21:49:00+00:00,3,0
692,2024-06-03 20:39:00+00:00,2024-06-03 22:14:00+00:00,0,3
693,2024-06-03 22:29:00+00:00,2024-06-04 00:04:00+00:00,3,0
694,2024-06-03 22:54:00+00:00,2024-06-04 00:29:00+00:00,0,3
695,2024-06-04 00:44:00+00:00,2024-06-04 02:19:00+00:00,3,0
696,2024-06-04 01:09:00+00:00,2024-06-04 02:44:00+00:00,0,3
697,2024-06-04 02:59:00+00:00,2024-06-04 04:34:00+00:00,3,0
698,2024-06-04 04:09:00+00:00,2024-06-04 05:44:00+00:00,0,3
699,2024-06-04 05:59:00+00:00,2024-06-04 07:34:00+00:00,3,0
700,2024-06-04 07:09:00+00:00,2024-06-04 08:44:00+00:00,0,3
701,2024-06-04 08:59:00+00:00,2024-06-04 10:34:00+00:00,3,0
702,2024-06-04 09:24:00+00:00,2024-06-04 10:59:00+00:00,0,3
703,2024-06-04 11:14:00+00:00,2024-06-04 12:49:00+00:00,3,0
704,2024-06-04 11:39:00+00:00,2024-06-04 13:14:00+00:00,0,3
705,2024-06-04 13:29:00+00:00,2024-06-04 15:04:00+00:00,3,0
706,2024-06-04 13:54:00+00:00,2024-06-04 15:29:00+00:00,0,3
707,2024-06-04 15:44:00+00:00,2024-06-04 17:19:00+00:00,3,0
708,2024-06-04 16:09:00+00:00,2024-06-04 17:44:00+00:00,0,3
709,2024-06-04 17:59:00+00:00,2024-06-04 19:34:00+00:00,3,0
710,2024-06-04 18:24:00+00:00,2024-06-04 19:59:00+00:00,0,3
711,2024-06-04 20:14:00+00:00,2024-06-04 21:49:00+00:00,3,0
712,2024-06-04 20:39:00+00:00,2024-06-04 22:14:00+00:00,0,3
713,2024-06-04 22:29:00+00:00,2024-06-05 00:04:00+00:00,3,0
714,2024-06-04 22:54:00+00:00,2024-06-05 00:29:00+00:00,0,3
715,2024-06-05 00:44:00+00:00,2024-06-05 02:19:00+00:00,3,0
716,2024-06-05 01:09:00+00:00,2024-06-05 02:44:00+00:00,0,3
717,2024-06-05 02:59:00+00:00,2024-06-05 04:34:00+00:00,3,0
718,2024-06-05 04:09:00+00:00,2024-06-05 05:44:00+00:00,0,3
719,2024-06-05 05:59:00+00:00,2024-06-05 07:34:00+00:00,3,0
720,2024-06-05 07:09:00+00:00,2024-06-05 08:44:00+00:00,0,3
721,2024-06-05 08:59:00+00:00,2024-06-05 10:34:00+00:00,3,0
722,2024-06-05 09:24:00+00:00,2024-06-05 10:59:00+00:00,0,3
723,2024-06-05 11:14:00+00:00,2024-06-05 12:49:00+00:00,3,0
724,2024-06-05 11:39:00+00:00,2024-06-05 13:14:00+00:00,0,3
725,2024-06-05 13:29:00+00:00,2024-06-05 15:04:00+00:00,3,0
726,2024-06-05 13:54:00+00:00,2024-06-05 15:29:00+00:00,0,3
727,2024-06-05 15:44:00+00:00,2024-06-05 17:19:00+00:00,3,0
728,2024-06-05 16:09:00+00:00,2024-06-05 17:44:00+00:00,0,3
729,2024-06-05 17:59:00+00:00,2024-06-05 19:34:00+00:00,3,0
730,2024-06-05 18:24:00+00:00,2024-06-05 19:59:00+00:00,0,3
731,2024-06-05 20:14:00+00:00,2024-06-05 21:49:00+00:00,3,0
732,2024-06-05 20:39:00+00:00,2024-06-05 22:14:00+00:00,0,3
733,2024-06-05 22:29:00+00:00,2024-06-06 00:04:00+00:00,3,0
734,2024-06-05 22:54:00+00:00,2024-06-06 00:29:00+00:00,0,3
735,2024-06-06 00:44:00+00:00,2024-06-06 02:19:00+00:00,3,0
736,2024-06-06 01:09:00+00:00,2024-06-06 02:44:00+00:00,0,3
737,2024-06-06 02:59:00+00:00,2024-06-06 04:34:00+00:00,3,0
738,2024-06-06 04:09:00+00:00,2024-06-06 05:44:00+00:00,0,3
739,2024-06-06 05:59:00+00:00,2024-06-06 07:34:00+00:00,3,0
740,2024-06-06 07:09:00+00:00,2024-06-06 08:44:00+00:00,0,3
741,2024-06-06 08:59:00+00:00,2024-06-06 10:34:00+00:00,3,0
742,2024-06-06 09:24:00+00:00,2024-06-06 10:59:00+00:00,0,3
743,2024-06-06 11:14:00+00:00,2024-06-06 12:49:00+00:00,3,0
744,2024-06-06 11:39:00+00:00,2024-06-06 13:14:00+00:00,0,3
745,2024-06-06 13:29:00+00:00,2024-06-06 15:04:00+00:00,3,0
746,2024-06-06 13:54:00+00:00,2024-06-06 15:29:00+00:00,0,3
747,2024-06-06 15:44:00+00:00,2024-06-06 17:19:00+00:00,3,0
748,2024-06-06 16:09:00+00:00,2024-06-06 17:44:00+00:00,0,3
749,2024-06-06 17:59:00+00:00,2024-06-06 19:34:00+00:00,3,0
750,2024-06-06 18:24:00+00:00,2024-06-06 19:59:00+00:00,0,3
751,2024-06-06 20:14:00+00:00,2024-06-06 21:49:00+00:00,3,0
752,2024-06-06 20:39:00+00:00,2024-06-06 22:14:00+00:00,0,3
753,2024-06-06 22:29:00+00:00,2024-06-07 00:04:00+00:00,3,0
754,2024-06-06 22:54:00+00:00,2024-06-07 00:29:00+00:00,0,3
755,2024-06-07 00:44:00+00:00,2024-06-07 02:19:00+00:00,3,0
756,2024-06-07 01:09:00+00:00,2024-06-07 02:44:00+00:00,0,3
757,2024-06-07 02:59:00+00:00,2024-06-07 04:34:00+00:00,3,0
758,2024-06-07 04:09:00+00:00,2024-06-07 05:44:00+00:00,0,3
759,2024-06-07 05:59:00+00:00,2024-06-07 07:34:00+00:00,3,0
760,2024-06-07 07:09:00+00:00,2024-06-07 08:44:00+00:00,0,3
761,2024-06-07 08:59:00+00:00,2024-06-07 10:34:00+00:00,3,0
762,2024-06-07 09:24:00+00:00,2024-06-07 10:59:00+00:00,0,3
763,2024-06-07 11:14:00+00:00,2024-06-07 12:49:00+00:00,3,0
764,2024-06-07 11:39:00+00:00,2024-06-07 13:14:00+00:00,0,3
765,2024-06-07 13:29:00+00:00,2024-06-07 15:04:00+00:00,3,0
766,2024-06-07 13:54:00+00:00,2024-06-07 15:29:00+00:00,0,3
767,2024-06-07 15:44:00+00:00,2024-06-07 17:19:00+00:00,3,0
768,2024-06-07 16:09:00+00:00,2024-06-07 17:44:00+00:00,0,3
769,2024-06-07 17:59:00+00:00,2024-06-07 19:34:00+00:00,3,0
770,2024-06-07 18:24:00+00:00,2024-06-07 19:59:00+00:00,0,3
771,2024-06-07 20:14:00+00:00,2024-06-07 21:49:00+00:00,3,0
772,2024-06-07 20:39:00+00:00,2024-06-07 22:14:00+00:00,0,3
773,2024-06-07 22:29:00+00:00,2024-06-08 00:04:00+00:00,3,0
774,2024-06-07 22:54:00+00:00,2024-06-08 00:29:00+00:00,0,3
775,2024-06-08 00:44:00+00:00,2024-06-08 02:19:00+00:00,3,0
776,2024-06-08 01:09:00+00:00,2024-06-08 02:44:00+00:00,0,3
777,2024-06-08 02:59:00+00:00,2024-06-08 04:34:00+00:00,3,0
778,2024-06-08 04:09:00+00:00,2024-06-08 05:44:00+00:00,0,3
779,2024-06-08 05:59:00+00:00,2024-06-08 07:34:00+00:00,3,0
780,2024-06-08 07:09:00+00:00,2024-06-08 08:44:00+00:00,0,3
781,2024-06-08 08:59:00+00:00,2024-06-08 10:34:00+00:00,3,0
782,2024-06-08 09:24:00+00:00,2024-06-08 10:59:00+00:00,0,3
783,2024-06-08 11:14:00+00:00,2024-06-08 12:49:00+00:00,3,0
784,2024-06-08 11:39:00+00:00,2024-06-08 13:14:00+00:00,0,3
785,2024-06-08 13:29:00+00:00,2024-06-08 15:04:00+00:00,3,0
786,2024-06-08 13:54:00+00:00,2024-06-08 15:29:00+00:00,0,3
787,2024-06-08 15:44:00+00:00,2024-06-08 17:19:00+00:00,3,0
788,2024-06-08 16:09:00+00:00,2024-06-08 17:44:00+00:00,0,3
789,2024-06-08 17:59:00+00:00,2024-06-08 19:34:00+00:00,3,0
790,2024-06-08 18:24:00+00:00,2024-06-08 19:59:00+00:00,0,3
791,2024-06-08 20:14:00+00:00,2024-06-08 21:49:00+00:00,3,0
792,2024-06-08 20:39:00+00:00,2024-06-08 22:14:00+00:00,0,3
793,2024-06-08 22:29:00+00:00,2024-06-09 00:04:00+00:00,3,0
794,2024-06-08 22:54:00+00:00,2024-06-09 00:29:00+00:00,0,3
795,2024-06-09 00:44:00+00:00,2024-06-09 02:19:00+00:00,3,0
796,2024-06-09 01:09:00+00:00,2024-06-09 02:44:00+00:00,0,3
797,2024-06-09 02:59:00+00:00,2024-06-09 04:34:00+00:00,3,0
798,2024-06-09 04:09:00+00:00,2024-06-09 05:44:00+00:00,0,3
799,2024-06-09 05:59:00+00:00,2024-06-09 07:34:00+00:00,3,0
800,2024-06-09 07:09:00+00:00,2024-06-09 08:44:00+00:00,0,3
801,2024-06-09 08:59:00+00:00,2024-06-09 10:34:00+00:00,3,0
802,2024-06-09 09:24:00+00:00,2024-06-09 10:59:00+00:00,0,3
803,2024-06-09 11:14:00+00:00,2024-06-09 12:49:00+00:00,3,0
804,2024-06-09 11:39:00+00:00,2024-06-09 13:14:00+00:00,0,3
805,2024-06-09 13:29:00+00:00,2024-06-09 15:04:00+00:00,3,0
806,2024-06-09 13:54:00+00:00,2024-06-09 15:29:00+00:00,0,3
807,2024-06-09 15:44:00+00:00,2024-06-09 17:19:00+00:00,3,0
808,2024-06-09 16:09:00+00:00,2024-06-09 17:44:00+00:00,0,3
809,2024-06-09 17:59:00+00:00,2024-06-09 19:34:00+00:00,3,0
810,2024-06-09 18:24:00+00:00,2024-06-09 19:59:00+00:00,0,3
811,2024-06-09 20:14:00+00:00,2024-06-09 21:49:00+00:00,3,0
812,2024-06-09 20:39:00+00:00,2024-06-09 22:14:00+00:00,0,3
813,2024-06-09 22:29:00+00:00,2024-06-10 00:04:00+00:00,3,0
814,2024-06-09 22:54:00+00:00,2024-06-10 00:29:00+00:00,0,3
815,2024-06-10 00:44:00+00:00,2024-06-10 02:19:00+00:00,3,0
816,2024-06-10 01:09:00+00:00,2024-06-10 02:44:00+00:00,0,3
817,2024-06-10 02:59:00+00:00,2024-06-10 04:34:00+00:00,3,0
818,2024-06-10 04:09:00+00:00,2024-06-10 05:44:00+00:00,0,3
819,2024-06-10 05:59:00+00:00,2024-06-10 07:34:00+00:00,3,0
820,2024-06-10 07:09:00+00:00,2024-06-10 08:44:00+00:00,0,3
821,2024-06-10 08:59:00+00:00,2024-06-10 10:34:00+00:00,3,0
822,2024-06-10 09:24:00+00:00,2024-06-10 10:59:00+00:00,0,3
823,2024-06-10 11:14:00+00:00,2024-06-10 12:49:00+00:00,3,0
824,2024-06-10 11:39:00+00:00,2024-06-10 13:14:00+00:00,0,3
825,2024-06-10 13:29:00+00:00,2024-06-10 15:04:00+00:00,3,0
826,2024-06-10 13:54:00+00:00,2024-06-10 15:29:00+00:00,0,3
827,2024-06-10 15:44:00+00:00,2024-06-10 17:19:00+00:00,3,0
828,2024-06-10 16:09:00+00:00,2024-06-10 17:44:00+00:00,0,3
829,2024-06-10 17:59:00+00:00,2024-06-10 19:34:00+00:00,3,0
830,2024-06-10 18:24:00+00:00,2024-06-10 19:59:00+00:00,0,3
831,2024-06-10 20:14:00+00:00,2024-06-10 21:49:00+00:00,3,0
832,2024-06-10 20:39:00+00:00,2024-06-10 22:14:00+00:00,0,3
833,2024-06-10 22:29:00+00:00,2024-06-11 00:04:00+00:00,3,0
834,2024-06-10 22:54:00+00:00,2024-06-11 00:29:00+00:00,0,3
835,2024-06-11 00:44:00+00:00,2024-06-11 02:19:00+00:00,3,0
836,2024-06-11 01:09:00+00:00,2024-06-11 02:44:00+00:00,0,3
837,2024-06-11 02:59:00+00:00,2024-06-11 04:34:00+00:00,3,0
838,2024-06-11 04:09:00+00:00,2024-06-11 05:44:00+00:00,0,3
839,2024-06-11 05:59:00+00:00,2024-06-11 07:34:00+00:00,3,0
840,2024-06-11 07:09:00+00:00,2024-06-11 08:44:00+00:00,0,3
841,2024-06-11 08:59:00+00:00,2024-06-11 10:34:00+00:00,3,0
842,2024-06-11 09:24:00+00:00,2024-06-11 10:59:00+00:00,0,3
843,2024-06-11 11:14:00+00:00,2024-06-11 12:49:00+00:00,3,0
844,2024-06-11 11:39:00+00:00,2024-06-11 13:14:00+00:00,0,3
845,2024-06-11 13:29:00+00:00,2024-06-11 15:04:00+00:00,3,0
846,2024-06-11 13:54:00+00:00,2024-06-11 15:29:00+00:00,0,3
847,2024-06-11 15:44:00+00:00,2024-06-11 17:19:00+00:00,3,0
848,2024-06-11 16:09:00+00:00,2024-06-11 17:44:00+00:00,0,3
849,2024-06-11 17:59:00+00:00,2024-06-11 19:34:00+00:00,3,0
850,2024-06-11 18:24:00+00:00,2024-06-11 19:59:00+00:00,0,3
851,2024-06-11 20:14:00+00:00,2024-06-11 21:49:00+00:00,3,0
852,2024-06-11 20:39:00+00:00,2024-06-11 22:14:00+00:00,0,3
853,2024-06-11 22:29:00+00:00,2024-06-12 00:04:00+00:00,3,0
854,2024-06-11 22:54:00+00:00,2024-06-12 00:29:00+00:00,0,3
855,2024-06-12 00:44:00+00:00,2024-06-12 02:19:00+00:00,3,0
856,2024-06-12 01:09:00+00:00,2024-06-12 02:44:00+00:00,0,3
857,2024-06-12 02:59:00+00:00,2024-06-12 04:34:00+00:00,3,0
858,2024-06-12 04:09:00+00:00,2024-06-12 05:44:00+00:00,0,3
859,2024-06-12 05:59:00+00:00,2024-06-12 07:34:00+00:00,3,0
860,2024-06-12 07:09:00+00:00,2024-06-12 08:44:00+00:00,0,3
861,2024-06-12 08:59:00+00:00,2024-06-12 10:34:00+00:00,3,0
862,2024-06-12 09:24:00+00:00,2024-06-12 10:59:00+00:00,0,3
863,2024-06-12 11:14:00+00:00,2024-06-12 12:49:00+00:00,3,0
864,2024-06-12 11:39:00+00:00,2024-06-12 13:14:00+00:00,0,3
865,2024-06-12 13:29:00+00:00,2024-06-12 15:04:00+00:00,3,0
866,2024-06-12 13:54:00+00:00,2024-06-12 15:29:00+00:00,0,3
867,2024-06-12 15:44:00+00:00,2024-06-12 17:19:00+00:00,3,0
868,2024-06-12 16:09:00+00:00,2024-06-12 17:44:00+00:00,0,3
869,2024-06-12 17:59:00+00:00,2024-06-12 19:34:00+00:00,3,0
870,2024-06-12 18:24:00+00:00,2024-06-12 19:59:00+00:00,0,3
871,2024-06-12 20:14:00+00:00,2024-06-12 21:49:00+00:00,3,0
872,2024-06-12 20:39:00+00:00,2024-06-12 22:14:00+00:00,0,3
873,2024-06-12 22:29:00+00:00,2024-06-13 00:04:00+00:00,3,0
874,2024-06-12 22:54:00+00:00,2024-06-13 00:29:00+00:00,0,3
875,2024-06-13 00:44:00+00:00,2024-06-13 02:19:00+00:00,3,0
876,2024-06-13 01:09:00+00:00,2024-06-13 02:44:00+00:00,0,3
877,2024-06-13 02:59:00+00:00,2024-06-13 04:34:00+00:00,3,0
878,2024-06-13 04:09:00+00:00,2024-06-13 05:44:00+00:00,0,3
879,2024-06-13 05:59:00+00:00,2024-06-13 07:34:00+00:00,3,0
880,2024-06-13 07:09:00+00:00,2024-06-13 08:44:00+00:00,0,3
881,2024-06-13 08:59:00+00:00,2024-06-13 10:34:00+00:00,3,0
882,2024-06-13 09:24:00+00:00,2024-06-13 10:59:00+00:00,0,3
883,2024-06-13 11:14:00+00:00,2024-06-13 12:49:00+00:00,3,0
884,2024-06-13 11:39:00+00:00,2024-06-13 13:14:00+00:00,0,3
885,2024-06-13 13:29:00+00:00,2024-06-13 15:04:00+00:00,3,0
886,2024-06-13 13:54:00+00:00,2024-06-13 15:29:00+00:00,0,3
887,2024-06-13 15:44:00+00:00,2024-06-13 17:19:00+00:00,3,0
888,2024-06-13 16:09:00+00:00,2024-06-13 17:44:00+00:00,0,3
889,2024-06-13 17:59:00+00:00,2024-06-13 19:34:00+00:00,3,0
890,2024-06-13 18:24:00+00:00,2024-06-13 19:59:00+00:00,0,3
891,2024-06-13 20:14:00+00:00,2024-06-13 21:49:00+00:00,3,0
892,2024-06-13 20:39:00+00:00,2024-06-13 22:14:00+00:00,0,3
893,2024-06-13 22:29:00+00:00,2024-06-14 00:04:00+00:00,3,0
894,2024-06-13 22:54:00+00:00,2024-06-14 00:29:00+00:00,0,3
895,2024-06-14 00:44:00+00:00,2024-06-14 02:19:00+00:00,3,0
896,2024-06-14 01:09:00+00:00,2024-06-14 02:44:00+00:00,0,3
897,2024-06-14 02:59:00+00:00,2024-06-14 04:34:00+00:00,3,0
898,2024-06-14 04:09:00+00:00,2024-06-14 05:44:00+00:00,0,3
899,2024-06-14 05:59:00+00:00,2024-06-14 07:34:00+00:00,3,0
900,2024-06-14 07:09:00+00:00,2024-06-14 08:44:00+00:00,0,3
901,2024-06-14 08:59:00+00:00,2024-06-14 10:34:00+00:00,3,0
902,2024-06-14 09:24:00+00:00,2024-06-14 10:59:00+00:00,0,3
903,2024-06-14 11:14:00+00:00,2024-06-14 12:49:00+00:00,3,0
904,2024-06-14 11:39:00+00:00,2024-06-14 13:14:00+00:00,0,3
905,2024-06-14 13:29:00+00:00,2024-06-14 15:04:00+00:00,3,0
906,2024-06-14 13:54:00+00:00,2024-06-14 15:29:00+00:00,0,3
907,2024-06-14 15:44:00+00:00,2024-06-14 17:19:00+00:00,3,0
908,2024-06-14 16:09:00+00:00,2024-06-14 17:44:00+00:00,0,3
909,2024-06-14 17:59:00+00:00,2024-06-14 19:34:00+00:00,3,0
910,2024-06-14 18:24:00+00:00,2024-06-14 19:59:00+00:00,0,3
911,2024-06-14 20:14:00+00:00,2024-06-14 21:49:00+00:00,3,0
912,2024-06-14 20:39:00+00:00,2024-06-14 22:14:00+00:00,0,3
913,2024-06-14 22:29:00+00:00,2024-06-15 00:04:00+00:00,3,0
914,2024-06-14 22:54:00+00:00,2024-06-15 00:29:00+00:00,0,3
915,2024-06-15 00:44:00+00:00,2024-06-15 02:19:00+00:00,3,0
916,2024-06-15 01:09:00+00:00,2024-06-15 02:44:00+00:00,0,3
917,2024-06-15 02:59:00+00:00,2024-06-15 04:34:00+00:00,3,0
918,2024-06-15 04:09:00+00:00,2024-06-15 05:44:00+00:00,0,3
919,2024-06-15 05:59:00+00:00,2024-06-15 07:34:00+00:00,3,0
920,2024-06-15 07:09:00+00:00,2024-06-15 08:44:00+00:00,0,3
921,2024-06-15 08:59:00+00:00,2024-06-15 10:34:00+00:00,3,0
922,2024-06-15 09:24:00+00:00,2024-06-15 10:59:00+00:00,0,3
923,2024-06-15 11:14:00+00:00,2024-06-15 12:49:00+00:00,3,0
924,2024-06-15 11:39:00+00:00,2024-06-15 13:14:00+00:00,0,3
925,2024-06-15 13:29:00+00:00,2024-06-15 15:04:00+00:00,3,0
926,2024-06-15 13:54:00+00:00,2024-06-15 15:29:00+00:00,0,3
927,2024-06-15 15:44:00+00:00,2024-06-15 17:19:00+00:00,3,0
928,2024-06-15 16:09:00+00:00,2024-06-15 17:44:00+00:00,0,3
929,2024-06-15 17:59:00+00:00,2024-06-15 19:34:00+00:00,3,0
930,2024-06-15 18:24:00+00:00,2024-06-15 19:59:00+00:00,0,3
931,2024-06-15 20:14:00+00:00,2024-06-15 21:49:00+00:00,3,0
932,2024-06-15 20:39:00+00:00,2024-06-15 22:14:00+00:00,0,3
933,2024-06-15 22:29:00+00:00,2024-06-16 00:04:00+00:00,3,0
934,2024-06-15 22:54:00+00:00,2024-06-16 00:29:00+00:00,0,3
935,2024-06-16 00:44:00+00:00,2024-06-16 02:19:00+00:00,3,0
936,2024-06-16 01:09:00+00:00,2024-06-16 02:44:00+00:00,0,3
937,2024-06-16 02:59:00+00:00,2024-06-16 04:34:00+00:00,3,0
938,2024-06-16 04:09:00+00:00,2024-06-16 05:44:00+00:00,0,3
939,2024-06-16 05:59:00+00:00,2024-06-16 07:34:00+00:00,3,0
940,2024-06-16 07:09:00+00:00,2024-06-16 08:44:00+00:00,0,3
941,2024-06-16 08:59:00+00:00,2024-06-16 10:34:00+00:00,3,0
942,2024-06-16 09:24:00+00:00,2024-06-16 10:59:00+00:00,0,3
943,2024-06-16 11:14:00+00:00,2024-06-16 12:49:00+00:00,3,0
944,2024-06-16 11:39:00+00:00,2024-06-16 13:14:00+00:00,0,3
945,2024-06-16 13:29:00+00:00,2024-06-16 15:04:00+00:00,3,0
946,2024-06-16 13:54:00+00:00,2024-06-16 15:29:00+00:00,0,3
947,2024-06-16 15:44:00+00:00,2024-06-16 17:19:00+00:00,3,0
948,2024-06-16 16:09:00+00:00,2024-06-16 17:44:00+00:00,0,3
949,2024-06-16 17:59:00+00:00,2024-06-16 19:34:00+00:00,3,0
950,2024-06-16 18:24:00+00:00,2024-06-16 19:59:00+00:00,0,3
951,2024-06-16 20:14:00+00:00,2024-06-16 21:49:00+00:00,3,0
952,2024-06-16 20:39:00+00:00,2024-06-16 22:14:00+00:00,0,3
953,2024-06-16 22:29:00+00:00,2024-06-17 00:04:00+00:00,3,0
954,2024-06-16 22:54:00+00:00,2024-06-17 00:29:00+00:00,0,3
955,2024-06-17 00:44:00+00:00,2024-06-17 02:19:00+00:00,3,0
956,2024-06-17 01:09:00+00:00,2024-06-17 02:44:00+00:00,0,3
957,2024-06-17 02:59:00+00:00,2024-06-17 04:34:00+00:00,3,0
958,2024-06-17 04:09:00+00:00,2024-06-17 05:44:00+00:00,0,3
959,2024-06-17 05:59:00+00:00,2024-06-17 07:34:00+00:00,3,0
960,2024-06-17 07:09:00+00:00,2024-06-17 08:44:00+00:00,0,3
961,2024-06-17 08:59:00+00:00,2024-06-17 10:34:00+00:00,3,0
962,2024-06-17 09:24:00+00:00,2024-06-17 10:59:00+00:00,0,3
963,2024-06-17 11:14:00+00:00,2024-06-17 12:49:00+00:00,3,0
964,2024-06-17 11:39:00+00:00,2024-06-17 13:14:00+00:00,0,3
965,2024-06-17 13:29:00+00:00,2024-06-17 15:04:00+00:00,3,0
966,2024-06-17 13:54:00+00:00,2024-06-17 15:29:00+00:00,0,3
967,2024-06-17 15:44:00+00:00,2024-06-17 17:19:00+00:00,3,0
968,2024-06-17 16:09:00+00:00,2024-06-17 17:44:00+00:00,0,3
969,2024-06-17 17:59:00+00:00,2024-06-17 19:34:00+00:00,3,0
970,2024-06-17 18:24:00+00:00,2024-06-17 19:59:00+00:00,0,3
971,2024-06-17 20:14:00+00:00,2024-06-17 21:49:00+00:00,3,0
972,2024-06-17 20:39:00+00:00,2024-06-17 22:14:00+00:00,0,3
973,2024-06-17 22:29:00+00:00,2024-06-18 00:04:00+00:00,3,0
974,2024-06-17 22:54:00+00:00,2024-06-18 00:29:00+00:00,0,3
975,2024-06-18 00:44:00+00:00,2024-06-18 02:19:00+00:00,3,0
976,2024-06-18 01:09:00+00:00,2024-06-18 02:44:00+00:00,0,3
977,2024-06-18 02:59:00+00:00,2024-06-18 04:34:00+00:00,3,0
978,2024-06-18 04:09:00+00:00,2024-06-18 05:44:00+00:00,0,3
979,2024-06-18 05:59:00+00:00,2024-06-18 07:34:00+00:00,3,0
980,2024-06-18 07:09:00+00:00,2024-06-18 08:44:00+00:00,0,3
981,2024-06-18 08:59:00+00:00,2024-06-18 10:34:00+00:00,3,0
982,2024-06-18 09:24:00+00:00,2024-06-18 10:59:00+00:00,0,3
983,2024-06-18 11:14:00+00:00,2024-06-18 12:49:00+00:00,3,0
984,2024-06-18 11:39:00+00:00,2024-06-18 13:14:00+00:00,0,3
985,2024-06-18 13:29:00+00:00,2024-06-18 15:04:00+00:00,3,0
986,2024-06-18 13:54:00+00:00,2024-06-18 15:29:00+00:00,0,3
987,2024-06-18 15:44:00+00:00,2024-06-18 17:19:00+00:00,3,0
988,2024-06-18 16:09:00+00:00,2024-06-18 17:44:00+00:00,0,3
989,2024-06-18 17:59:00+00:00,2024-06-18 19:34:00+00:00,3,0
990,2024-06-18 18:24:00+00:00,2024-06-18 19:59:00+00:00,0,3
991,2024-06-18 20:14:00+00:00,2024-06-18 21:49:00+00:00,3,0
992,2024-06-18 20:39:00+00:00,2024-06-18 22:14:00+00:00,0,3
993,2024-06-18 22:29:00+00:00,2024-06-19 00:04:00+00:00,3,0
994,2024-06-18 22:54:00+00:00,2024-06-19 00:29:00+00:00,0,3
995,2024-06-19 00:44:00+00:00,2024-06-19 02:19:00+00:00,3,0
996,2024-06-19 01:09:00+00:00,2024-06-19 02:44:00+00:00,0,3
997,2024-06-19 02:59:00+00:00,2024-06-19 04:34:00+00:00,3,0
998,2024-06-19 04:09:00+00:00,2024-06-19 05:44:00+00:00,0,3
999,2024-06-19 05:59:00+00:00,2024-06-19 07:34:00+00:00,3,0
1000,2024-06-19 07:09:00+00:00,2024-06-19 08:44:00+00:00,0,3
1001,2024-06-19 08:59:00+00:00,2024-06-19 10:34:00+00:00,3,0
1002,2024-06-19 09:24:00+00:00,2024-06-19 10:59:00+00:00,0,3
1003,2024-06-19 11:14:00+00:00,2024-06-19 12:49:00+00:00,3,0
1004,2024-06-19 11:39:00+00:00,2024-06-19 13:14:00+00:00,0,3
1005,2024-06-19 13:29:00+00:00,2024-06-19 15:04:00+00:00,3,0
1006,2024-06-19 13:54:00+00:00,2024-06-19 15:29:00+00:00,0,3
1007,2024-06-19 15:44:00+00:00,2024-06-19 17:19:00+00:00,3,0
1008,2024-06-19 16:09:00+00:00,2024-06-19 17:44:00+00:00,0,3
1009,2024-06-19 17:59:00+00:00,2024-06-19 19:34:00+00:00,3,0
1010,2024-06-19 18:24:00+00:00,2024-06-19 19:59:00+00:00,0,3
1011,2024-06-19 20:14:00+00:00,2024-06-19 21:49:00+00:00,3,0
1012,2024-06-19 20:39:00+00:00,2024-06-19 22:14:00+00:00,0,3
1013,2024-06-19 22:29:00+00:00,2024-06-20 00:04:00+00:00,3,0
1014,2024-06-19 22:54:00+00:00,2024-06-20 00:29:00+00:00,0,3
1015,2024-06-20 00:44:00+00:00,2024-06-20 02:19:00+00:00,3,0
1016,2024-06-20 01:09:00+00:00,2024-06-20 02:44:00+00:00,0,3
1017,2024-06-20 02:59:00+00:00,2024-06-20 04:34:00+00:00,3,0
1018,2024-06-20 04:09:00+00:00,2024-06-20 05:44:00+00:00,0,3
1019,2024-06-20 05:59:00+00:00,2024-06-20 07:34:00+00:00,3,0
1020,2024-06-20 07:09:00+00:00,2024-06-20 08:44:00+00:00,0,3
1021,2024-06-20 08:59:00+00:00,2024-06-20 10:34:00+00:00,3,0
1022,2024-06-20 09:24:00+00:00,2024-06-20 10:59:00+00:00,0,3
1023,2024-06-20 11:14:00+00:00,2024-06-20 12:49:00+00:00,3,0
1024,2024-06-20 11:39:00+00:00,2024-06-20 13:14:00+00:00,0,3
1025,2024-06-20 13:29:00+00:00,2024-06-20 15:04:00+00:00,3,0
1026,2024-06-20 13:54:00+00:00,2024-06-20 15:29:00+00:00,0,3
1027,2024-06-20 15:44:00+00:00,2024-06-20 17:19:00+00:00,3,0
1028,2024-06-20 16:09:00+00:00,2024-06-20 17:44:00+00:00,0,3
1029,2024-06-20 17:59:00+00:00,2024-06-20 19:34:00+00:00,3,0
1030,2024-06-20 18:24:00+00:00,2024-06-20 19:59:00+00:00,0,3
1031,2024-06-20 20:14:00+00:00,2024-06-20 21:49:00+00:00,3,0
1032,2024-06-20 20:39:00+00:00,2024-06-20 22:14:00+00:00,0,3
1033,2024-06-20 22:29:00+00:00,2024-06-21 00:04:00+00:00,3,0
1034,2024-06-20 22:54:00+00:00,2024-06-21 00:29:00+00:00,0,3
1035,2024-06-21 00:44:00+00:00,2024-06-21 02:19:00+00:00,3,0
1036,2024-06-21 01:09:00+00:00,2024-06-21 02:44:00+00:00,0,3
1037,2024-06-21 02:59:00+00:00,2024-06-21 04:34:00+00:00,3,0
1038,2024-06-21 04:09:00+00:00,2024-06-21 05:44:00+00:00,0,3
1039,2024-06-21 05:59:00+00:00,2024-06-21 07:34:00+00:00,3,0
1040,2024-06-21 07:09:00+00:00,2024-06-21 08:44:00+00:00,0,3
1041,2024-06-21 08:59:00+00:00,2024-06-21 10:34:00+00:00,3,0
1042,2024-06-21 09:24:00+00:00,2024-06-21 10:59:00+00:00,0,3
1043,2024-06-21 11:14:00+00:00,2024-06-21 12:49:00+00:00,3,0
1044,2024-06-21 11:39:00+00:00,2024-06-21 13:14:00+00:00,0,3
1045,2024-06-21 13:29:00+00:00,2024-06-21 15:04:00+00:00,3,0
1046,2024-06-21 13:54:00+00:00,2024-06-21 15:29:00+00:00,0,3
1047,2024-06-21 15:44:00+00:00,2024-06-21 17:19:00+00:00,3,0
1048,2024-06-21 16:09:00+00:00,2024-06-21 17:44:00+00:00,0,3
1049,2024-06-21 17:59:00+00:00,2024-06-21 19:34:00+00:00,3,0
1050,2024-06-21 18:24:00+00:00,2024-06-21 19:59:00+00:00,0,3
1051,2024-06-21 20:14:00+00:00,2024-06-21 21:49:00+00:00,3,0
1052,2024-06-21 20:39:00+00:00,2024-06-21 22:14:00+00:00,0,3
1053,2024-06-21 22:29:00+00:00,2024-06-22 00:04:00+00:00,3,0
1054,2024-06-21 22:54:00+00:00,2024-06-22 00:29:00+00:00,0,3
1055,2024-06-22 00:44:00+00:00,2024-06-22 02:19:00+00:00,3,0
1056,2024-06-22 01:09:00+00:00,2024-06-22 02:44:00+00:00,0,3
1057,2024-06-22 02:59:00+00:00,2024-06-22 04:34:00+00:00,3,0
1058,2024-06-22 04:09:00+00:00,2024-06-22 05:44:00+00:00,0,3
1059,2024-06-22 05:59:00+00:00,2024-06-22 07:34:00+00:00,3,0
1060,2024-06-22 07:09:00+00:00,2024-06-22 08:44:00+00:00,0,3
1061,2024-06-22 08:59:00+00:00,2024-06-22 10:34:00+00:00,3,0
1062,2024-06-22 09:24:00+00:00,2024-06-22 10:59:00+00:00,0,3
1063,2024-06-22 11:14:00+00:00,2024-06-22 12:49:00+00:00,3,0
1064,2024-06-22 11:39:00+00:00,2024-06-22 13:14:00+00:00,0,3
1065,2024-06-22 13:29:00+00:00,2024-06-22 15:04:00+00:00,3,0
1066,2024-06-22 13:54:00+00:00,2024-06-22 15:29:00+00:00,0,3
1067,2024-06-22 15:44:00+00:00,2024-06-22 17:19:00+00:00,3,0
1068,2024-06-22 16:09:00+00:00,2024-06-22 17:44:00+00:00,0,3
1069,2024-06-22 17:59:00+00:00,2024-06-22 19:34:00+00:00,3,0
1070,2024-06-22 18:24:00+00:00,2024-06-22 19:59:00+00:00,0,3
1071,2024-06-22 20:14:00+00:00,2024-06-22 21:49:00+00:00,3,0
1072,2024-06-22 20:39:00+00:00,2024-06-22 22:14:00+00:00,0,3
1073,2024-06-22 22:29:00+00:00,2024-06-23 00:04:00+00:00,3,0
1074,2024-06-22 22:54:00+00:00,2024-06-23 00:29:00+00:00,0,3
1075,2024-06-23 00:44:00+00:00,2024-06-23 02:19:00+00:00,3,0
1076,2024-06-23 01:09:00+00:00,2024-06-23 02:44:00+00:00,0,3
1077,2024-06-23 02:59:00+00:00,2024-06-23 04:34:00+00:00,3,0
1078,2024-06-23 04:09:00+00:00,2024-06-23 05:44:00+00:00,0,3
1079,2024-06-23 05:59:00+00:00,2024-06-23 07:34:00+00:00,3,0
1080,2024-06-23 07:09:00+00:00,2024-06-23 08:44:00+00:00,0,3
1081,2024-06-23 08:59:00+00:00,2024-06-23 10:34:00+00:00,3,0
1082,2024-06-23 09:24:00+00:00,2024-06-23 10:59:00+00:00,0,3
1083,2024-06-23 11:14:00+00:00,2024-06-23 12:49:00+00:00,3,0
1084,2024-06-23 11:39:00+00:00,2024-06-23 13:14:00+00:00,0,3
1085,2024-06-23 13:29:00+00:00,2024-06-23 15:04:00+00:00,3,0
1086,2024-06-23 13:54:00+00:00,2024-06-23 15:29:00+00:00,0,3
1087,2024-06-23 15:44:00+00:00,2024-06-23 17:19:00+00:00,3,0
1088,2024-06-23 16:09:00+00:00,2024-06-23 17:44:00+00:00,0,3
1089,2024-06-23 17:59:00+00:00,2024-06-23 19:34:00+00:00,3,0
1090,2024-06-23 18:24:00+00:00,2024-06-23 19:59:00+00:00,0,3
1091,2024-06-23 20:14:00+00:00,2024-06-23 21:49:00+00:00,3,0
1092,2024-06-23 20:39:00+00:00,2024-06-23 22:14:00+00:00,0,3
1093,2024-06-23 22:29:00+00:00,2024-06-24 00:04:00+00:00,3,0
1094,2024-06-23 22:54:00+00:00,2024-06-24 00:29:00+00:00,0,3
1095,2024-06-24 00:44:00+00:00,2024-06-24 02:19:00+00:00,3,0
1096,2024-06-24 01:09:00+00:00,2024-06-24 02:44:00+00:00,0,3
1097,2024-06-24 02:59:00+00:00,2024-06-24 04:34:00+00:00,3,0
1098,2024-06-24 04:09:00+00:00,2024-06-24 05:44:00+00:00,0,3
1099,2024-06-24 05:59:00+00:00,2024-06-24 07:34:00+00:00,3,0
1100,2024-06-24 07:09:00+00:00,2024-06-24 08:44:00+00:00,0,3
1101,2024-06-24 08:59:00+00:00,2024-06-24 10:34:00+00:00,3,0
1102,2024-06-24 09:24:00+00:00,2024-06-24 10:59:00+00:00,0,3
1103,2024-06-24 11:14:00+00:00,2024-06-24 12:49:00+00:00,3,0
1104,2024-06-24 11:39:00+00:00,2024-06-24 13:14:00+00:00,0,3
1105,2024-06-24 13:29:00+00:00,2024-06-24 15:04:00+00:00,3,0
1106,2024-06-24 13:54:00+00:00,2024-06-24 15:29:00+00:00,0,3
1107,2024-06-24 15:44:00+00:00,2024-06-24 17:19:00+00:00,3,0
1108,2024-06-24 16:09:00+00:00,2024-06-24 17:44:00+00:00,0,3
1109,2024-06-24 17:59:00+00:00,2024-06-24 19:34:00+00:00,3,0
1110,2024-06-24 18:24:00+00:00,2024-06-24 19:59:00+00:00,0,3
1111,2024-06-24 20:14:00+00:00,2024-06-24 21:49:00+00:00,3,0
1112,2024-06-24 20:39:00+00:00,2024-06-24 22:14:00+00:00,0,3
1113,2024-06-24 22:29:00+00:00,2024-06-25 00:04:00+00:00,3,0
1114,2024-06-24 22:54:00+00:00,2024-06-25 00:29:00+00:00,0,3
1115,2024-06-25 00:44:00+00:00,2024-06-25 02:19:00+00:00,3,0
1116,2024-06-25 01:09:00+00:00,2024-06-25 02:44:00+00:00,0,3
1117,2024-06-25 02:59:00+00:00,2024-06-25 04:34:00+00:00,3,0
1118,2024-06-25 04:09:00+00:00,2024-06-25 05:44:00+00:00,0,3
1119,2024-06-25 05:59:00+00:00,2024-06-25 07:34:00+00:00,3,0
1120,2024-06-25 07:09:00+00:00,2024-06-25 08:44:00+00:00,0,3
1121,2024-06-25 08:59:00+00:00,2024-06-25 10:34:00+00:00,3,0
1122,2024-06-25 09:24:00+00:00,2024-06-25 10:59:00+00:00,0,3
1123,2024-06-25 11:14:00+00:00,2024-06-25 12:49:00+00:00,3,0
1124,2024-06-25 11:39:00+00:00,2024-06-25 13:14:00+00:00,0,3
1125,2024-06-25 13:29:00+00:00,2024-06-25 15:04:00+00:00,3,0
1126,2024-06-25 13:54:00+00:00,2024-06-25 15:29:00+00:00,0,3
1127,2024-06-25 15:44:00+00:00,2024-06-25 17:19:00+00:00,3,0
1128,2024-06-25 16:09:00+00:00,2024-06-25 17:44:00+00:00,0,3
1129,2024-06-25 17:59:00+00:00,2024-06-25 19:34:00+00:00,3,0
1130,2024-06-25 18:24:00+00:00,2024-06-25 19:59:00+00:00,0,3
1131,2024-06-25 20:14:00+00:00,2024-06-25 21:49:00+00:00,3,0
1132,2024-06-25 20:39:00+00:00,2024-06-25 22:14:00+00:00,0,3
1133,2024-06-25 22:29:00+00:00,2024-06-26 00:04:00+00:00,3,0
1134,2024-06-25 22:54:00+00:00,2024-06-26 00:29:00+00:00,0,3
1135,2024-06-26 00:44:00+00:00,2024-06-26 02:19:00+00:00,3,0
1136,2024-06-26 01:09:00+00:00,2024-06-26 02:44:00+00:00,0,3
1137,2024-06-26 02:59:00+00:00,2024-06-26 04:34:00+00:00,3,0
1138,2024-06-26 04:09:00+00:00,2024-06-26 05:44:00+00:00,0,3
1139,2024-06-26 05:59:00+00:00,2024-06-26 07:34:00+00:00,3,0
1140,2024-06-26 07:09:00+00:00,2024-06-26 08:44:00+00:00,0,3
1141,2024-06-26 08:59:00+00:00,2024-06-26 10:34:00+00:00,3,0
1142,2024-06-26 09:24:00+00:00,2024-06-26 10:59:00+00:00,0,3
1143,2024-06-26 11:14:00+00:00,2024-06-26 12:49:00+00:00,3,0
1144,2024-06-26 11:39:00+00:00,2024-06-26 13:14:00+00:00,0,3
1145,2024-06-26 13:29:00+00:00,2024-06-26 15:04:00+00:00,3,0
1146,2024-06-26 13:54:00+00:00,2024-06-26 15:29:00+00:00,0,3
1147,2024-06-26 15:44:00+00:00,2024-06-26 17:19:00+00:00,3,0
1148,2024-06-26 16:09:00+00:00,2024-06-26 17:44:00+00:00,0,3
1149,2024-06-26 17:59:00+00:00,2024-06-26 19:34:00+00:00,3,0
1150,2024-06-26 18:24:00+00:00,2024-06-26 19:59:00+00:00,0,3
1151,2024-06-26 20:14:00+00:00,2024-06-26 21:49:00+00:00,3,0
1152,2024-06-26 20:39:00+00:00,2024-06-26 22:14:00+00:00,0,3
1153,2024-06-26 22:29:00+00:00,2024-06-27 00:04:00+00:00,3,0
1154,2024-06-26 22:54:00+00:00,2024-06-27 00:29:00+00:00,0,3
1155,2024-06-27 00:44:00+00:00,2024-06-27 02:19:00+00:00,3,0
1156,2024-06-27 01:09:00+00:00,2024-06-27 02:44:00+00:00,0,3
1157,2024-06-27 02:59:00+00:00,2024-06-27 04:34:00+00:00,3,0
1158,2024-06-27 04:09:00+00:00,2024-06-27 05:44:00+00:00,0,3
1159,2024-06-27 05:59:00+00:00,2024-06-27 07:34:00+00:00,3,0
1160,2024-06-27 07:09:00+00:00,2024-06-27 08:44:00+00:00,0,3
1161,2024-06-27 08:59:00+00:00,2024-06-27 10:34:00+00:00,3,0
1162,2024-06-27 09:24:00+00:00,2024-06-27 10:59:00+00:00,0,3
1163,2024-06-27 11:14:00+00:00,2024-06-27 12:49:00+00:00,3,0
1164,2024-06-27 11:39:00+00:00,2024-06-27 13:14:00+00:00,0,3
1165,2024-06-27 13:29:00+00:00,2024-06-27 15:04:00+00:00,3,0
1166,2024-06-27 13:54:00+00:00,2024-06-27 15:29:00+00:00,0,3
1167,2024-06-27 15:44:00+00:00,2024-06-27 17:19:00+00:00,3,0
1168,2024-06-27 16:09:00+00:00,2024-06-27 17:44:00+00:00,0,3
1169,2024-06-27 17:59:00+00:00,2024-06-27 19:34:00+00:00,3,0
1170,2024-06-27 18:24:00+00:00,2024-06-27 19:59:00+00:00,0,3
1171,2024-06-27 20:14:00+00:00,2024-06-27 21:49:00+00:00,3,0
1172,2024-06-27 20:39:00+00:00,2024-06-27 22:14:00+00:00,0,3
1173,2024-06-27 22:29:00+00:00,2024-06-28 00:04:00+00:00,3,0
1174,2024-06-27 22:54:00+00:00,2024-06-28 00:29:00+00:00,0,3
1175,2024-06-28 00:44:00+00:00,2024-06-28 02:19:00+00:00,3,0
1176,2024-06-28 01:09:00+00:00,2024-06-28 02:44:00+00:00,0,3
1177,2024-06-28 02:59:00+00:00,2024-06-28 04:34:00+00:00,3,0
1178,2024-06-28 04:09:00+00:00,2024-06-28 05:44:00+00:00,0,3
1179,2024-06-28 05:59:00+00:00,2024-06-28 07:34:00+00:00,3,0
1180,2024-06-28 07:09:00+00:00,2024-06-28 08:44:00+00:00,0,3
1181,2024-06-28 08:59:00+00:00,2024-06-28 10:34:00+00:00,3,0
1182,2024-06-28 09:24:00+00:00,2024-06-28 10:59:00+00:00,0,3
1183,2024-06-28 11:14:00+00:00,2024-06-28 12:49:00+00:00,3,0
1184,2024-06-28 11:39:00+00:00,2024-06-28 13:14:00+00:00,0,3
1185,2024-06-28 13:29:00+00:00,2024-06-28 15:04:00+00:00,3,0
1186,2024-06-28 13:54:00+00:00,2024-06-28 15:29:00+00:00,0,3
1187,2024-06-28 15:44:00+00:00,2024-06-28 17:19:00+00:00,3,0
1188,2024-06-28 16:09:00+00:00,2024-06-28 17:44:00+00:00,0,3
1189,2024-06-28 17:59:00+00:00,2024-06-28 19:34:00+00:00,3,0
1190,2024-06-28 18:24:00+00:00,2024-06-28 19:59:00+00:00,0,3
1191,2024-06-28 20:14:00+00:00,2024-06-28 21:49:00+00:00,3,0
1192,2024-06-28 20:39:00+00:00,2024-06-28 22:14:00+00:00,0,3
1193,2024-06-28 22:29:00+00:00,2024-06-29 00:04:00+00:00,3,0
1194,2024-06-28 22:54:00+00:00,2024-06-29 00:29:00+00:00,0,3
1195,2024-06-29 00:44:00+00:00,2024-06-29 02:19:00+00:00,3,0
1196,2024-06-29 01:09:00+00:00,2024-06-29 02:44:00+00:00,0,3
1197,2024-06-29 02:59:00+00:00,2024-06-29 04:34:00+00:00,3,0
1198,2024-06-29 04:09:00+00:00,2024-06-29 05:44:00+00:00,0,3
1199,2024-06-29 05:59:00+00:00,2024-06-29 07:34:00+00:00,3,0
1200,2024-06-29 07:09:00+00:00,2024-06-29 08:44:00+00:00,0,3
1201,2024-06-29 08:59:00+00:00,2024-06-29 10:34:00+00:00,3,0
1202,2024-06-29 09:24:00+00:00,2024-06-29 10:59:00+00:00,0,3
1203,2024-06-29 11:14:00+00:00,2024-06-29 12:49:00+00:00,3,0
1204,2024-06-29 11:39:00+00:00,2024-06-29 13:14:00+00:00,0,3
1205,2024-06-29 13:29:00+00:00,2024-06-29 15:04:00+00:00,3,0
1206,2024-06-29 13:54:00+00:00,2024-06-29 15:29:00+00:00,0,3
1207,2024-06-29 15:44:00+00:00,2024-06-29 17:19:00+00:00,3,0
1208,2024-06-29 16:09:00+00:00,2024-06-29 17:44:00+00:00,0,3
1209,2024-06-29 17:59:00+00:00,2024-06-29 19:34:00+00:00,3,0
1210,2024-06-29 18:24:00+00:00,2024-06-29 19:59:00+00:00,0,3
1211,2024-06-29 20:14:00+00:00,2024-06-29 21:49:00+00:00,3,0
1212,2024-06-29 20:39:00+00:00,2024-06-29 22:14:00+00:00,0,3
1213,2024-06-29 22:29:00+00:00,2024-06-30 00:04:00+00:00,3,0
1214,2024-06-29 22:54:00+00:00,2024-06-30 00:29:00+00:00,0,3
1215,2024-06-30 00:44:00+00:00,2024-06-30 02:19:00+00:00,3,0
1216,2024-06-30 01:09:00+00:00,2024-06-30 02:44:00+00:00,0,3
1217,2024-06-30 02:59:00+00:00,2024-06-30 04:34:00+00:00,3,0
1218,2024-06-30 04:09:00+00:00,2024-06-30 05:44:00+00:00,0,3
1219,2024-06-30 05:59:00+00:00,2024-06-30 07:34:00+00:00,3,0
1220,2024-06-30 07:09:00+00:00,2024-06-30 08:44:00+00:00,0,3
1221,2024-06-30 08:59:00+00:00,2024-06-30 10:34:00+00:00,3,0
1222,2024-06-30 09:24:00+00:00,2024-06-30 10:59:00+00:00,0,3
1223,2024-06-30 11:14:00+00:00,2024-06-30 12:49:00+00:00,3,0
1224,2024-06-30 11:39:00+00:00,2024-06-30 13:14:00+00:00,0,3
1225,2024-06-30 13:29:00+00:00,2024-06-30 15:04:00+00:00,3,0
1226,2024-06-30 13:54:00+00:00,2024-06-30 15:29:00+00:00,0,3
1227,2024-06-30 15:44:00+00:00,2024-06-30 17:19:00+00:00,3,0
1228,2024-06-30 16:09:00+00:00,2024-06-30 17:44:00+00:00,0,3
1229,2024-06-30 17:59:00+00:00,2024-06-30 19:34:00+00:00,3,0
1230,2024-06-30 18:24:00+00:00,2024-06-30 19:59:00+00:00,0,3
1231,2024-06-30 20:14:00+00:00,2024-06-30 21:49:00+00:00,3,0
1232,2024-06-30 20:39:00+00:00,2024-06-30 22:14:00+00:00,0,3
1233,2024-06-30 22:29:00+00:00,2024-07-01 00:04:00+00:00,3,0
1234,2024-06-30 22:54:00+00:00,2024-07-01 00:29:00+00:00,0,3
1235,2024-07-01 00:44:00+00:00,2024-07-01 02:19:00+00:00,3,0
1236,2024-07-01 01:09:00+00:00,2024-07-01 02:44:00+00:00,0,3
1237,2024-07-01 02:59:00+00:00,2024-07-01 04:34:00+00:00,3,0
1238,2024-07-01 04:09:00+00:00,2024-07-01 05:44:00+00:00,0,3
1239,2024-07-01 05:59:00+00:00,2024-07-01 07:34:00+00:00,3,0
